missingPings,totalPings,wardsPlaced,wardsKilled,detectorsPlaced,position,cctime,turretTakedowns,turretsLost,duration,champ,win
4,8,2,2,1,SOLO,28,1,11,1824,Sion,False
3,37,1,9,0,NONE,15,0,11,1824,Sylas,False
2,5,10,6,1,CARRY,26,3,11,1824,Caitlyn,False
25,66,10,4,0,SOLO,0,0,11,1824,Sivir,False
16,55,28,5,4,SUPPORT,38,0,11,1824,Soraka,False
7,10,10,1,0,SOLO,11,7,4,1824,Vayne,True
5,64,4,2,3,NONE,12,4,4,1824,Zed,True
5,42,16,4,7,SOLO,42,4,4,1824,Malzahar,True
2,19,4,2,0,CARRY,14,2,4,1824,Jinx,True
0,87,40,9,8,SUPPORT,52,6,4,1824,Leona,True
2,20,7,0,0,NONE,7,4,0,1252,Ambessa,True
2,32,6,1,0,NONE,5,2,0,1252,Viego,True
7,35,6,2,0,SOLO,24,5,0,1252,Malphite,True
0,2,7,0,0,CARRY,35,4,0,1252,Mel,True
2,6,16,6,0,SUPPORT,46,2,0,1252,Morgana,True
4,11,8,1,0,SOLO,3,0,10,1252,Vladimir,False
9,22,1,1,0,NONE,9,0,10,1252,Udyr,False
5,28,8,1,1,SOLO,1,0,10,1252,Tristana,False
0,7,11,0,5,CARRY,17,0,10,1252,Syndra,False
4,14,10,2,1,SUPPORT,11,0,10,1252,Renata,False
4,39,10,2,0,SOLO,17,7,3,1874,Olaf,True
5,91,3,1,1,NONE,12,2,3,1874,Naafiri,True
1,48,7,3,3,SOLO,31,2,3,1874,Rakan,True
9,28,11,4,2,CARRY,0,6,3,1874,Ezreal,True
14,18,46,5,10,SUPPORT,28,3,3,1874,Xerath,True
3,28,11,1,1,SOLO,24,3,9,1874,Briar,False
29,145,2,9,0,NONE,42,0,9,1874,RekSai,False
14,94,10,3,2,SOLO,37,0,9,1874,Zoe,False
3,20,9,1,1,CARRY,0,0,9,1874,Kaisa,False
13,51,36,9,8,SUPPORT,38,0,9,1874,Thresh,False
9,40,7,2,1,SOLO,42,2,6,1713,Udyr,False
8,69,5,7,1,NONE,33,2,6,1713,Sylas,False
5,17,7,1,0,SOLO,3,1,6,1713,Naafiri,False
7,47,8,2,0,CARRY,16,2,6,1713,Yunara,False
0,5,30,3,1,SUPPORT,29,0,6,1713,Lulu,False
6,17,8,2,0,SOLO,12,3,5,1713,Ambessa,True
5,22,11,3,2,NONE,15,0,5,1713,LeeSin,True
5,17,7,7,3,SOLO,36,4,5,1713,Zoe,True
3,28,9,8,0,CARRY,55,6,5,1713,Ashe,True
1,36,20,2,3,SUPPORT,32,1,5,1713,Seraphine,True
2,15,12,6,0,SOLO,19,5,6,2007,Fiora,True
10,193,14,8,4,NONE,18,4,6,2007,Viego,True
13,52,13,1,0,CARRY,37,3,6,2007,Malzahar,True
13,118,17,3,5,SOLO,23,6,6,2007,Ziggs,True
0,8,36,13,0,SUPPORT,32,4,6,2007,Mel,True
2,9,9,1,0,SOLO,19,1,8,2007,Zaahen,False
0,114,19,5,6,NONE,4,0,8,2007,MasterYi,False
1,9,11,3,1,SOLO,25,3,8,2007,Galio,False
33,76,9,0,0,CARRY,18,2,8,2007,Jhin,False
3,27,47,13,9,SUPPORT,32,1,8,2007,Velkoz,False
17,57,13,0,4,SOLO,13,1,10,1756,Rumble,False
2,22,3,3,2,NONE,20,0,10,1756,XinZhao,False
1,17,3,1,0,SOLO,0,1,10,1756,Katarina,False
10,19,3,6,0,CARRY,7,1,10,1756,MissFortune,False
1,26,29,8,0,SUPPORT,71,1,10,1756,Zoe,False
0,7,7,0,1,SOLO,18,1,3,1756,Kayn,True
1,10,1,6,1,NONE,24,0,3,1756,Shaco,True
3,17,3,1,0,SOLO,19,3,3,1756,Smolder,True
4,25,13,0,4,CARRY,16,7,3,1756,Ziggs,True
4,53,35,7,4,SUPPORT,35,4,3,1756,Nami,True
0,9,8,1,0,SOLO,44,6,2,1478,Garen,True
6,77,3,1,1,NONE,10,4,2,1478,Kindred,True
13,33,3,0,0,CARRY,14,2,2,1478,Viktor,True
1,8,8,1,0,SOLO,24,3,2,1478,Swain,True
0,13,22,6,4,SUPPORT,41,1,2,1478,Taric,True
7,13,7,0,0,SOLO,15,0,11,1478,Renekton,False
3,23,0,4,0,NONE,38,0,11,1478,Briar,False
7,14,5,1,1,SOLO,2,0,11,1478,Vladimir,False
5,20,8,0,0,CARRY,9,2,11,1478,Lucian,False
3,3,20,1,3,SUPPORT,29,2,11,1478,Senna,False
7,14,9,0,0,NONE,20,3,6,1745,Urgot,True
3,23,9,5,8,NONE,11,5,6,1745,Viego,True
16,155,15,1,0,SOLO,26,6,6,1745,Teemo,True
11,37,10,2,3,CARRY,12,5,6,1745,Yunara,True
5,24,28,5,3,SUPPORT,39,4,6,1745,Rakan,True
1,45,10,2,1,SOLO,36,3,9,1745,Yasuo,False
5,38,5,6,4,NONE,14,1,9,1745,Ambessa,False
1,67,12,6,5,SOLO,69,1,9,1745,Malzahar,False
5,25,6,3,0,CARRY,10,3,9,1745,Draven,False
3,25,15,11,1,SUPPORT,14,2,9,1745,Pyke,False
0,5,11,1,2,SOLO,44,1,11,1662,Teemo,False
1,20,1,6,0,NONE,12,0,11,1662,XinZhao,False
12,19,7,0,0,SOLO,0,1,11,1662,Katarina,False
11,53,5,1,0,CARRY,19,0,11,1662,Varus,False
3,35,29,8,7,SUPPORT,56,0,11,1662,Maokai,False
4,5,6,1,0,DUO,34,2,2,1662,Gnar,True
17,69,4,8,2,NONE,32,1,2,1662,Taliyah,True
6,25,6,1,1,DUO,4,3,2,1662,Talon,True
8,34,8,2,1,CARRY,25,6,2,1662,Cassiopeia,True
5,24,35,5,6,SUPPORT,52,6,2,1662,Alistar,True
4,6,9,2,0,SUPPORT,41,7,10,2287,Yone,False
4,56,8,3,2,NONE,12,3,10,2287,Kayn,False
4,16,9,3,3,DUO,46,2,10,2287,KSante,False
0,24,12,1,0,SUPPORT,22,3,10,2287,Caitlyn,False
8,26,42,10,6,SOLO,53,5,10,2287,Velkoz,False
4,6,8,3,0,SOLO,60,8,11,2287,Garen,True
11,24,6,7,3,NONE,29,4,11,2287,Sylas,True
17,74,8,2,0,SOLO,17,4,11,2287,Zed,True
0,14,10,3,0,CARRY,73,3,11,2287,Ashe,True
4,30,41,7,4,SUPPORT,38,1,11,2287,Rakan,True
14,72,4,2,0,DUO,6,0,9,2275,Kassadin,False
4,78,5,7,1,NONE,52,2,9,2275,Rammus,False
12,46,14,4,1,CARRY,95,0,9,2275,Malzahar,False
23,72,15,7,0,DUO,57,1,9,2275,Ashe,False
5,31,31,14,1,SUPPORT,24,0,9,2275,Pantheon,False
12,51,16,2,0,DUO,81,4,4,2275,Chogath,True
6,142,5,6,4,NONE,35,5,4,2275,Volibear,True
4,49,13,2,0,DUO,17,6,4,2275,Yasuo,True
4,58,15,5,1,CARRY,2,5,4,2275,Kaisa,True
2,11,39,11,6,SUPPORT,49,3,4,2275,Shaco,True
1,22,10,4,0,NONE,7,9,4,1669,Yorick,True
13,147,2,2,0,NONE,27,4,4,1669,Taliyah,True
21,80,5,3,1,SOLO,16,0,4,1669,Irelia,True
0,3,8,0,1,CARRY,15,8,4,1669,Draven,True
1,37,35,5,7,SUPPORT,30,7,4,1669,Renata,True
1,39,10,2,1,NONE,23,3,10,1669,Jax,False
0,9,1,8,0,NONE,21,0,10,1669,Viego,False
2,12,9,0,2,SOLO,51,1,10,1669,Syndra,False
7,21,5,1,1,CARRY,26,1,10,1669,Jhin,False
0,21,26,3,0,SUPPORT,34,0,10,1669,Nautilus,False
4,33,10,2,0,SOLO,23,4,8,1803,Irelia,False
10,109,1,7,0,NONE,12,1,8,1803,Naafiri,False
3,46,6,3,2,SOLO,26,0,8,1803,Vex,False
1,11,3,1,0,CARRY,45,1,8,1803,Ashe,False
2,49,36,5,1,SUPPORT,28,0,8,1803,Kennen,False
20,39,9,2,0,SOLO,22,2,6,1803,Jayce,True
6,79,6,5,4,NONE,25,2,6,1803,XinZhao,True
5,18,6,3,4,SOLO,27,6,6,1803,Leblanc,True
0,13,10,0,0,SOLO,10,7,6,1803,Vayne,True
14,33,29,5,4,NONE,37,6,6,1803,Nami,True
6,44,10,4,0,SOLO,15,6,3,1819,DrMundo,True
3,41,0,15,0,NONE,30,0,3,1819,Rengar,True
16,53,16,3,0,SOLO,3,0,3,1819,Katarina,True
8,62,11,4,2,CARRY,25,3,3,1819,Jinx,True
6,49,32,11,5,SUPPORT,48,4,3,1819,Renata,True
15,78,6,9,0,DUO,18,1,6,1819,Darius,False
16,141,8,5,7,NONE,7,1,6,1819,Khazix,False
1,17,12,3,2,DUO,42,1,6,1819,Vex,False
1,10,8,3,0,CARRY,3,0,6,1819,Corki,False
10,54,47,10,13,SUPPORT,78,0,6,1819,Alistar,False
6,44,10,4,0,SOLO,15,6,3,1819,DrMundo,True
3,41,0,15,0,NONE,30,0,3,1819,Rengar,True
16,53,16,3,0,SOLO,3,0,3,1819,Katarina,True
8,62,11,4,2,CARRY,25,3,3,1819,Jinx,True
6,49,32,11,5,SUPPORT,48,4,3,1819,Renata,True
15,78,6,9,0,DUO,18,1,6,1819,Darius,False
16,141,8,5,7,NONE,7,1,6,1819,Khazix,False
1,17,12,3,2,DUO,42,1,6,1819,Vex,False
1,10,8,3,0,CARRY,3,0,6,1819,Corki,False
10,54,47,10,13,SUPPORT,78,0,6,1819,Alistar,False
0,14,8,0,0,SOLO,24,4,4,1843,Aatrox,True
7,89,6,6,4,NONE,19,3,4,1843,Graves,True
5,57,1,5,0,CARRY,54,6,4,1843,Lissandra,True
3,50,10,1,0,SOLO,29,3,4,1843,Senna,True
0,20,34,6,3,SUPPORT,27,3,4,1843,Rell,True
2,19,11,1,0,SOLO,14,0,10,1843,Shen,False
19,106,3,7,1,NONE,4,2,10,1843,MasterYi,False
3,24,6,0,0,SOLO,21,3,10,1843,Leblanc,False
6,76,11,1,0,CARRY,12,0,10,1843,Aphelios,False
9,13,25,6,4,SUPPORT,26,1,10,1843,Lulu,False
2,6,10,1,1,DUO,29,3,2,1775,RekSai,True
8,114,7,3,5,NONE,7,4,2,1775,Khazix,True
3,18,13,1,1,DUO,32,3,2,1775,Lux,True
6,15,8,8,1,CARRY,16,6,2,1775,Smolder,True
4,11,18,2,2,SUPPORT,15,5,2,1775,Yuumi,True
2,5,7,1,0,SOLO,12,1,9,1775,Ambessa,False
3,20,1,3,0,NONE,19,0,9,1775,Brand,False
0,3,9,0,0,SOLO,23,0,9,1775,Morgana,False
2,18,7,2,0,CARRY,10,1,9,1775,Tristana,False
5,10,31,6,5,SUPPORT,20,0,9,1775,Nami,False
3,54,12,2,1,SOLO,13,0,9,1938,Azir,False
3,9,2,7,1,NONE,17,0,9,1938,MonkeyKing,False
8,58,11,2,0,SOLO,16,0,9,1938,Ahri,False
1,14,12,11,1,CARRY,15,1,9,1938,Smolder,False
8,25,50,8,6,SUPPORT,26,1,9,1938,Soraka,False
3,10,12,2,1,SOLO,13,6,1,1938,Irelia,True
10,85,1,7,0,NONE,13,4,1,1938,DrMundo,True
4,42,4,0,0,SOLO,26,2,1,1938,Syndra,True
0,29,10,4,1,CARRY,40,5,1,1938,Swain,True
1,34,45,10,8,SUPPORT,56,3,1,1938,Zac,True
4,22,7,2,0,SOLO,56,4,2,1338,Chogath,True
2,39,1,1,0,NONE,27,3,2,1338,Ekko,True
5,14,7,0,1,SOLO,5,6,2,1338,Vladimir,True
9,29,5,0,0,CARRY,5,3,2,1338,Smolder,True
3,12,18,8,1,SUPPORT,18,3,2,1338,Karma,True
5,30,5,0,0,NONE,2,1,9,1338,Gwen,False
10,63,1,3,1,NONE,24,0,9,1338,RekSai,False
4,60,8,0,0,SOLO,5,1,9,1338,Zed,False
1,1,6,0,1,CARRY,4,0,9,1338,MissFortune,False
1,7,22,7,1,SUPPORT,38,0,9,1338,Bard,False
8,38,5,0,0,SOLO,24,0,10,1387,Shen,False
1,20,6,1,0,NONE,10,0,10,1387,Karthus,False
10,22,5,0,0,DUO,14,0,10,1387,Yasuo,False
9,14,8,1,0,DUO,12,0,10,1387,Caitlyn,False
1,23,24,6,0,SOLO,6,0,10,1387,Sona,False
0,0,5,0,0,SOLO,8,5,0,1387,Gangplank,True
8,51,3,4,2,NONE,14,4,0,1387,Sylas,True
2,16,4,0,0,SOLO,4,2,0,1387,Zed,True
3,8,6,2,0,CARRY,31,6,0,1387,Jhin,True
0,10,20,4,0,SUPPORT,62,3,0,1387,Mel,True
1,24,10,3,0,SOLO,11,4,5,1906,Vladimir,True
3,24,0,2,0,NONE,18,7,5,1906,Viego,True
12,39,10,1,0,SOLO,14,5,5,1906,Aurora,True
17,96,12,2,1,CARRY,17,7,5,1906,Draven,True
5,76,31,7,3,SUPPORT,33,5,5,1906,Milio,True
6,34,5,0,0,SOLO,39,2,12,1906,Sion,False
0,57,10,1,0,NONE,18,0,12,1906,Aatrox,False
9,45,16,3,4,SOLO,58,0,12,1906,Anivia,False
3,31,9,2,0,CARRY,17,2,12,1906,Caitlyn,False
6,14,19,3,1,SUPPORT,39,1,12,1906,Karma,False
0,3,8,2,0,DUO,13,1,10,1721,Vayne,False
11,29,1,0,0,NONE,14,0,10,1721,JarvanIV,False
13,30,14,0,2,DUO,25,0,10,1721,Galio,False
0,17,9,4,0,SOLO,5,1,10,1721,MissFortune,False
1,8,19,5,3,SUPPORT,45,1,10,1721,Swain,False
0,1,6,1,0,SOLO,19,4,2,1721,Pantheon,True
2,11,9,3,0,NONE,13,2,2,1721,Kindred,True
4,13,11,2,2,SOLO,59,4,2,1721,Morgana,True
0,1,9,3,0,CARRY,19,6,2,1721,Caitlyn,True
11,32,28,4,0,SUPPORT,47,3,2,1721,Xerath,True
1,11,7,0,0,SOLO,28,2,2,1842,Yone,True
2,32,6,4,1,NONE,223,0,2,1842,Nocturne,True
5,7,4,5,0,SOLO,53,6,2,1842,Syndra,True
0,12,11,6,4,CARRY,6,5,2,1842,Tristana,True
1,12,28,5,4,SUPPORT,46,2,2,1842,Velkoz,True
0,21,10,2,2,SOLO,19,1,10,1842,Sett,False
10,110,5,1,4,NONE,25,0,10,1842,XinZhao,False
3,105,13,0,2,NONE,36,0,10,1842,Brand,False
1,5,5,3,0,CARRY,10,1,10,1842,MissFortune,False
0,36,43,7,4,SUPPORT,66,0,10,1842,Leona,False
2,13,6,1,1,SOLO,22,0,5,1245,Pantheon,False
14,46,4,2,0,NONE,9,0,5,1245,Qiyana,False
12,50,5,2,0,SOLO,20,0,5,1245,Orianna,False
5,34,7,2,1,CARRY,8,0,5,1245,Vayne,False
9,57,17,6,4,SUPPORT,9,0,5,1245,Pyke,False
2,8,6,0,0,SOLO,20,1,0,1245,Malphite,True
5,94,5,2,3,NONE,9,0,0,1245,Kindred,True
5,38,9,2,2,SOLO,5,2,0,1245,Aurora,True
9,12,6,1,0,CARRY,4,2,0,1245,Twitch,True
0,8,27,5,9,SUPPORT,22,2,0,1245,Lulu,True
1,1,8,1,0,SOLO,33,1,3,1655,Sejuani,False
13,79,7,3,2,NONE,164,0,3,1655,Nocturne,False
11,52,12,1,1,CARRY,36,0,3,1655,Anivia,False
22,65,8,7,0,SOLO,9,0,3,1655,Tristana,False
2,15,23,8,2,SUPPORT,20,0,3,1655,Leblanc,False
6,23,10,0,0,SOLO,28,2,1,1655,Sett,True
5,71,7,1,1,NONE,8,0,1,1655,Zed,True
4,15,10,3,0,SOLO,35,0,1,1655,Taliyah,True
21,36,11,7,1,CARRY,6,2,1,1655,Kaisa,True
17,65,44,3,9,SUPPORT,23,0,1,1655,Karma,True
15,62,15,0,0,SOLO,26,5,5,2354,DrMundo,True
4,96,3,6,2,NONE,30,0,5,2354,Aatrox,True
22,158,12,2,0,SOLO,12,2,5,2354,Smolder,True
3,12,8,1,0,CARRY,50,1,5,2354,Ashe,True
3,56,51,10,11,SUPPORT,89,0,5,2354,Nautilus,True
3,17,11,1,0,DUO,51,1,7,2354,Malphite,False
9,65,13,10,6,NONE,16,2,7,2354,Diana,False
7,75,21,3,2,DUO,14,3,7,2354,Aurora,False
12,157,13,2,0,CARRY,48,2,7,2354,Jhin,False
9,21,35,9,7,SUPPORT,45,1,7,2354,Xerath,False
10,49,8,3,0,DUO,19,1,2,1369,Jayce,False
9,27,6,0,1,NONE,18,0,2,1369,LeeSin,False
0,10,8,1,0,DUO,2,0,2,1369,Vladimir,False
0,2,6,1,0,CARRY,10,0,2,1369,KogMaw,False
4,23,21,7,4,SUPPORT,22,0,2,1369,Braum,False
3,15,8,1,0,SOLO,21,0,1,1369,Sion,True
2,34,2,3,2,NONE,18,0,1,1369,MonkeyKing,True
6,17,4,3,2,SOLO,42,1,1,1369,Taliyah,True
3,10,9,0,1,CARRY,13,1,1,1369,Jinx,True
1,11,23,8,3,SUPPORT,23,1,1,1369,Mel,True
0,17,10,3,0,SOLO,21,0,11,2023,Camille,False
5,47,7,4,2,NONE,29,0,11,2023,Karthus,False
25,52,4,6,1,SOLO,11,1,11,2023,Naafiri,False
10,29,11,4,0,CARRY,13,1,11,2023,Vayne,False
10,24,38,7,5,SUPPORT,33,0,11,2023,Lulu,False
3,7,14,2,2,DUO,21,4,2,2023,Jax,True
5,129,2,2,2,NONE,28,2,2,2023,Malphite,True
1,11,14,3,0,DUO,29,3,2,2023,Mel,True
4,30,13,7,1,CARRY,2,6,2,2023,Lucian,True
43,162,38,5,4,SUPPORT,33,3,2,2023,Braum,True
8,15,9,1,1,NONE,17,2,0,1445,Sett,True
3,29,1,2,0,NONE,9,5,0,1445,Ekko,True
7,37,7,0,1,SOLO,35,4,0,1445,Hwei,True
0,18,6,2,0,CARRY,9,6,0,1445,Draven,True
4,32,23,7,2,SUPPORT,27,5,0,1445,Thresh,True
5,14,6,0,0,DUO,16,0,11,1445,Pantheon,False
5,20,8,3,0,NONE,11,0,11,1445,Sylas,False
3,11,5,1,0,DUO,36,0,11,1445,Morgana,False
3,13,4,1,0,SOLO,12,0,11,1445,Xayah,False
8,29,27,2,5,SUPPORT,39,0,11,1445,Bard,False
0,7,6,0,1,SUPPORT,29,0,1,1002,Ornn,False
1,16,3,2,0,SUPPORT,3,0,1,1002,Naafiri,False
2,4,4,1,0,SUPPORT,1,0,1,1002,Akali,False
2,30,4,1,0,SUPPORT,6,0,1,1002,Caitlyn,False
4,11,13,2,1,SUPPORT,9,0,1,1002,Milio,False
2,3,3,0,0,SUPPORT,5,0,0,1002,Nasus,True
9,80,4,2,2,SUPPORT,8,1,0,1002,JarvanIV,True
4,25,6,0,0,SUPPORT,14,1,0,1002,Yone,True
3,10,4,0,0,SUPPORT,40,0,0,1002,Syndra,True
0,4,12,4,3,SUPPORT,26,1,0,1002,Seraphine,True
14,65,13,4,0,SOLO,37,3,4,2364,Quinn,True
15,75,22,4,6,NONE,34,3,4,2364,LeeSin,True
8,25,5,2,2,SOLO,20,7,4,2364,Tryndamere,True
19,83,16,5,5,CARRY,66,7,4,2364,Ashe,True
2,28,34,3,1,SUPPORT,23,5,4,2364,Zilean,True
9,157,5,6,0,SOLO,40,1,12,2364,Riven,False
4,35,14,7,0,SUPPORT,30,0,12,2364,Hecarim,False
19,92,6,2,0,CARRY,3,2,12,2364,Akali,False
7,27,9,1,1,CARRY,6,1,12,2364,Ezreal,False
3,13,59,14,3,SUPPORT,28,0,12,2364,Rakan,False
1,9,9,7,1,SOLO,22,3,1,1520,Urgot,True
14,53,7,2,2,NONE,15,0,1,1520,Aatrox,True
4,31,9,0,0,SOLO,93,5,1,1520,Chogath,True
0,2,9,6,1,CARRY,15,7,1,1520,Jinx,True
8,38,24,4,3,SUPPORT,15,6,1,1520,Sona,True
6,38,8,1,1,SOLO,33,1,9,1520,Quinn,False
3,30,12,0,0,NONE,4,0,9,1520,Khazix,False
0,3,10,1,1,SOLO,92,0,9,1520,Mel,False
5,6,6,3,0,CARRY,8,0,9,1520,Aphelios,False
3,10,28,9,4,SUPPORT,41,0,9,1520,Thresh,False
0,1,8,0,0,SOLO,16,0,11,1400,Sett,False
3,54,6,3,0,NONE,21,0,11,1400,Jax,False
3,14,9,2,0,SOLO,9,0,11,1400,Fizz,False
6,14,3,0,0,CARRY,8,0,11,1400,Draven,False
0,6,20,3,0,SUPPORT,52,0,11,1400,Nautilus,False
1,6,6,0,0,NONE,7,5,0,1400,Gwen,True
2,62,1,4,1,NONE,9,4,0,1400,MonkeyKing,True
4,30,3,1,1,SOLO,4,4,0,1400,Katarina,True
0,18,6,2,0,CARRY,4,6,0,1400,Kaisa,True
0,18,20,8,4,SUPPORT,42,4,0,1400,Braum,True
0,4,5,0,0,SUPPORT,12,0,2,952,Jayce,False
0,25,3,1,0,SUPPORT,9,0,2,952,XinZhao,False
12,24,6,0,0,SUPPORT,7,0,2,952,Xerath,False
1,9,4,1,0,SUPPORT,22,0,2,952,Ashe,False
0,4,5,4,0,SUPPORT,19,0,2,952,Leona,False
3,11,4,0,1,SUPPORT,12,0,0,952,Malphite,True
5,54,4,0,2,SUPPORT,1,0,0,952,Zed,True
10,33,6,0,1,SUPPORT,8,1,0,952,Karthus,True
5,18,5,0,0,SUPPORT,0,1,0,952,Corki,True
0,3,13,0,0,SUPPORT,21,0,0,952,Janna,True
10,18,3,1,1,SOLO,8,0,11,1634,Kayle,False
13,41,8,1,0,NONE,25,0,11,1634,Volibear,False
10,35,4,2,1,SOLO,1,0,11,1634,Akali,False
1,8,9,2,0,SOLO,8,0,11,1634,Vayne,False
2,11,21,1,0,NONE,29,0,11,1634,Lulu,False
9,28,4,2,0,SOLO,31,4,0,1634,Urgot,True
1,60,6,5,3,NONE,22,3,0,1634,Belveth,True
5,29,2,4,0,DUO,56,2,0,1634,Morgana,True
0,8,6,0,1,DUO,0,5,0,1634,Lucian,True
1,65,29,5,4,SOLO,23,7,0,1634,Nami,True
8,15,8,0,0,SOLO,28,1,7,1453,Zaahen,False
8,18,10,0,2,SOLO,12,0,7,1453,Karthus,False
9,38,7,0,0,DUO,30,0,7,1453,Galio,False
0,5,8,1,0,DUO,22,0,7,1453,Jhin,False
6,15,21,4,0,SUPPORT,28,0,7,1453,Renata,False
8,10,8,1,0,NONE,10,3,1,1453,Smolder,True
17,33,2,2,0,NONE,7,1,1,1453,Khazix,True
1,8,4,0,0,SOLO,45,3,1,1453,Sion,True
4,51,8,1,0,CARRY,34,1,1,1453,Ashe,True
0,12,15,5,5,SUPPORT,13,2,1,1453,Yuumi,True
7,33,16,6,2,NONE,20,4,3,2198,Kayle,True
0,9,0,3,0,NONE,8,1,3,2198,Kayn,True
2,12,9,5,0,SOLO,34,2,3,2198,Cassiopeia,True
0,4,8,5,0,CARRY,40,5,3,2198,Jhin,True
0,5,17,4,1,SUPPORT,62,5,3,2198,Morgana,True
14,32,18,2,3,SOLO,14,2,9,2198,Jax,False
8,68,5,1,3,NONE,10,1,9,2198,Rumble,False
3,13,10,1,0,SOLO,31,1,9,2198,Orianna,False
5,20,14,1,0,CARRY,0,0,9,2198,Ezreal,False
1,12,33,3,5,SUPPORT,15,0,9,2198,Zilean,False
3,6,7,2,0,SOLO,27,4,2,1561,Aatrox,True
3,27,4,3,2,NONE,15,4,2,1561,Rengar,True
3,25,7,1,0,SOLO,20,3,2,1561,AurelionSol,True
1,19,7,3,0,CARRY,12,4,2,1561,Xayah,True
5,12,33,3,3,SUPPORT,43,1,2,1561,Neeko,True
6,22,8,0,0,SOLO,19,0,11,1561,Pantheon,False
7,131,5,1,4,NONE,7,0,11,1561,Khazix,False
5,44,10,1,0,SOLO,3,0,11,1561,Katarina,False
17,81,7,0,0,CARRY,6,2,11,1561,Twitch,False
2,12,21,8,4,SUPPORT,37,0,11,1561,Lulu,False
6,21,5,0,0,DUO,3,0,1,916,KSante,False
7,73,1,4,1,SUPPORT,4,0,1,916,Zac,False
9,50,6,1,1,SUPPORT,8,0,1,916,Mel,False
4,16,4,1,0,SUPPORT,10,0,1,916,Jinx,False
2,46,7,2,0,SUPPORT,19,0,1,916,Karma,False
4,25,4,0,0,DUO,2,0,0,916,Singed,True
7,46,9,0,3,SUPPORT,8,0,0,916,Graves,True
3,18,4,0,1,SUPPORT,3,0,0,916,Veigar,True
3,26,4,0,0,SUPPORT,0,1,0,916,Kaisa,True
4,16,10,1,1,SUPPORT,4,1,0,916,Sona,True
8,39,4,1,1,NONE,69,3,5,2136,Teemo,True
0,10,11,3,0,NONE,241,3,5,2136,Nocturne,True
0,17,7,0,0,SOLO,27,4,5,2136,Pantheon,True
3,55,14,2,2,CARRY,19,8,5,2136,Yunara,True
1,8,32,4,4,SUPPORT,72,8,5,2136,Morgana,True
10,22,13,1,1,SOLO,4,0,11,2136,Vladimir,False
2,7,12,3,1,NONE,6,0,11,2136,Talon,False
3,4,8,2,0,SOLO,16,4,11,2136,Azir,False
3,11,5,2,0,CARRY,4,0,11,2136,Tristana,False
5,24,17,6,0,SUPPORT,50,1,11,2136,Blitzcrank,False
2,35,9,1,1,SOLO,41,5,3,2249,Pantheon,True
6,108,3,7,2,NONE,43,4,3,2249,Kayn,True
9,30,15,3,2,SOLO,46,4,3,2249,Mel,True
5,97,17,2,7,CARRY,43,5,3,2249,Syndra,True
6,103,58,9,9,SUPPORT,55,5,3,2249,Karma,True
1,14,10,3,0,SOLO,61,0,12,2249,Shen,False
6,196,5,14,3,NONE,58,1,12,2249,Trundle,False
10,33,8,3,0,SOLO,36,2,12,2249,Velkoz,False
2,54,15,7,2,CARRY,59,0,12,2249,Hwei,False
20,81,51,14,1,SUPPORT,43,1,12,2249,Nami,False
7,21,13,2,0,SOLO,35,2,7,2185,Zaahen,True
11,60,11,3,0,NONE,19,7,7,2185,Gwen,True
1,10,4,3,0,SOLO,44,2,7,2185,Malzahar,True
0,12,12,0,0,CARRY,32,4,7,2185,Senna,True
14,35,50,16,12,SUPPORT,24,4,7,2185,Pyke,True
8,9,4,0,0,DUO,18,3,10,2185,DrMundo,False
13,74,4,3,0,NONE,16,1,10,2185,Olaf,False
7,30,10,2,0,DUO,17,3,10,2185,Ahri,False
8,35,9,0,0,CARRY,8,0,10,2185,Vayne,False
6,23,43,7,6,SUPPORT,61,0,10,2185,Morgana,False
2,9,7,0,0,SOLO,14,0,10,1768,Kled,False
9,59,5,1,2,NONE,36,1,10,1768,Pantheon,False
2,3,9,1,0,SOLO,19,1,10,1768,XinZhao,False
4,9,7,2,1,CARRY,38,1,10,1768,Jhin,False
2,28,39,9,8,SUPPORT,75,0,10,1768,Leona,False
7,14,10,1,0,SOLO,59,3,2,1768,Zoe,True
6,68,1,1,0,NONE,22,4,2,1768,Hecarim,True
6,31,10,3,0,SOLO,40,4,2,1768,Viktor,True
24,101,8,3,0,CARRY,11,4,2,1768,Smolder,True
11,101,38,7,8,SUPPORT,57,3,2,1768,Braum,True
9,45,13,4,1,SOLO,12,5,4,2212,Gwen,True
30,221,6,10,4,NONE,19,2,4,2212,MonkeyKing,True
2,95,3,5,0,SOLO,34,4,4,2212,Quinn,True
10,122,17,7,2,CARRY,8,4,4,2212,Tristana,True
19,125,40,8,10,SUPPORT,53,1,4,2212,Neeko,True
2,19,12,5,1,SOLO,23,3,11,2212,Irelia,False
26,245,10,6,7,NONE,19,1,11,2212,DrMundo,False
7,43,15,0,4,SOLO,21,0,11,2212,Sylas,False
13,68,18,5,3,CARRY,4,0,11,2212,Corki,False
4,19,38,9,1,SUPPORT,36,0,11,2212,Blitzcrank,False
12,35,6,0,0,NONE,40,1,5,1619,Sion,False
3,22,4,6,2,NONE,20,0,5,1619,Zaahen,False
1,8,6,0,0,SOLO,9,0,5,1619,Azir,False
6,20,9,1,0,CARRY,0,0,5,1619,Corki,False
0,0,22,0,0,SUPPORT,34,0,5,1619,Lux,False
4,24,6,0,0,SOLO,58,2,1,1619,Chogath,True
15,33,3,4,1,NONE,24,0,1,1619,Taliyah,True
0,0,8,1,0,SOLO,12,2,1,1619,Ahri,True
0,0,5,0,0,CARRY,16,4,1,1619,Jhin,True
0,0,18,5,0,SUPPORT,37,3,1,1619,Elise,True
5,11,10,1,0,SOLO,19,0,11,1738,Riven,False
9,41,3,8,0,NONE,20,1,11,1738,JarvanIV,False
12,49,9,5,2,SOLO,32,0,11,1738,Anivia,False
10,50,9,2,0,CARRY,23,1,11,1738,Caitlyn,False
10,53,35,11,0,SUPPORT,48,1,11,1738,Zoe,False
9,24,8,1,0,SOLO,16,6,2,1738,Darius,True
1,35,10,1,2,NONE,18,5,2,1738,Kindred,True
3,25,12,4,2,SOLO,25,5,2,1738,Viktor,True
0,12,10,4,0,CARRY,3,6,2,1738,Ezreal,True
2,25,33,5,8,SUPPORT,31,7,2,1738,Rakan,True
6,42,6,0,1,NONE,14,4,1,1400,Rumble,True
7,70,5,2,3,NONE,15,6,1,1400,Graves,True
5,43,8,3,1,SOLO,41,4,1,1400,TwistedFate,True
0,11,7,4,0,CARRY,9,5,1,1400,Nilah,True
3,23,21,9,3,SUPPORT,46,5,1,1400,Leona,True
3,18,7,0,0,SOLO,14,1,8,1400,Kled,False
12,38,3,1,0,NONE,7,0,8,1400,Zed,False
9,46,6,0,2,SOLO,7,0,8,1400,Azir,False
2,29,5,2,2,CARRY,33,0,8,1400,Cassiopeia,False
2,15,18,5,1,SUPPORT,33,0,8,1400,Thresh,False
17,33,8,0,0,SOLO,27,0,7,2016,Quinn,True
1,71,6,4,5,NONE,58,4,7,2016,Skarner,True
8,49,16,2,5,SOLO,29,5,7,2016,Orianna,True
1,12,11,4,1,CARRY,23,4,7,2016,Jinx,True
21,102,36,10,0,SUPPORT,34,1,7,2016,Soraka,True
4,37,10,5,0,SOLO,18,1,7,2016,Urgot,False
14,63,2,4,0,NONE,10,1,7,2016,Khazix,False
1,13,10,1,0,SOLO,24,3,7,2016,Vex,False
3,59,12,4,0,CARRY,2,3,7,2016,Kaisa,False
1,26,40,8,2,SUPPORT,59,1,7,2016,Thresh,False
0,22,5,1,0,SOLO,17,5,5,1621,Malphite,True
1,17,6,6,5,NONE,38,2,5,1621,Zyra,True
2,12,10,4,3,SOLO,27,3,5,1621,Yasuo,True
0,4,4,2,0,CARRY,10,2,5,1621,Vayne,True
5,27,34,4,7,SUPPORT,32,4,5,1621,Poppy,True
2,6,5,1,0,DUO,23,2,9,1621,Camille,False
9,64,5,5,4,NONE,15,2,9,1621,Diana,False
1,7,5,1,0,DUO,19,1,9,1621,Irelia,False
0,2,10,2,2,CARRY,1,0,9,1621,Kaisa,False
3,28,29,4,3,SUPPORT,33,0,9,1621,Lulu,False
1,17,8,1,0,SOLO,6,7,1,1674,Kayle,True
3,39,1,2,1,NONE,12,1,1,1674,Qiyana,True
11,31,13,4,3,SOLO,46,4,1,1674,Mel,True
0,14,9,1,0,CARRY,43,7,1,1674,Ashe,True
3,18,36,8,3,SUPPORT,42,4,1,1674,Swain,True
0,4,8,0,0,SOLO,49,1,11,1674,Sion,False
2,31,3,6,3,NONE,19,0,11,1674,JarvanIV,False
8,27,8,2,0,SOLO,36,0,11,1674,Zoe,False
3,8,6,1,0,NONE,5,0,11,1674,Jinx,False
17,66,34,4,6,SOLO,15,0,11,1674,Sona,False
2,47,9,2,1,SOLO,57,7,3,1848,Garen,True
0,33,3,5,0,NONE,16,3,3,1848,Aatrox,True
16,35,17,3,1,SOLO,6,2,3,1848,Katarina,True
2,9,7,2,0,CARRY,18,1,3,1848,Jinx,True
10,39,35,4,2,SUPPORT,34,4,3,1848,Soraka,True
0,10,10,1,0,SOLO,39,2,8,1848,Zaahen,False
3,80,7,1,4,NONE,24,0,8,1848,Kindred,False
4,10,9,1,0,SOLO,16,1,8,1848,Qiyana,False
5,10,14,3,5,CARRY,27,0,8,1848,Seraphine,False
0,2,29,11,3,SUPPORT,29,0,8,1848,Lux,False
5,23,7,0,0,SUPPORT,11,4,1,1158,Fiora,True
2,17,0,1,0,SUPPORT,16,0,1,1158,Shaco,True
5,22,6,1,0,SUPPORT,6,3,1,1158,Irelia,True
6,46,5,2,0,SUPPORT,0,2,1,1158,Kaisa,True
1,10,21,2,0,SUPPORT,20,2,1,1158,Brand,True
4,9,6,1,1,SUPPORT,19,0,8,1158,Anivia,False
5,26,8,1,4,SUPPORT,6,0,8,1158,Ekko,False
15,59,3,0,0,SUPPORT,17,1,8,1158,Riven,False
0,16,5,0,0,SUPPORT,8,0,8,1158,Jhin,False
2,12,7,3,0,SUPPORT,18,0,8,1158,Zyra,False
7,27,9,5,0,NONE,14,1,9,1735,Jayce,False
17,67,1,2,1,NONE,26,1,9,1735,Zaahen,False
9,45,7,0,0,CARRY,29,0,9,1735,Ahri,False
6,32,14,4,2,SOLO,14,0,9,1735,Draven,False
0,12,26,4,5,SUPPORT,42,0,9,1735,Rell,False
6,33,10,3,1,SOLO,15,3,2,1735,Irelia,True
7,66,8,6,5,NONE,24,3,2,1735,Pantheon,True
20,87,11,6,2,SOLO,65,4,2,1735,Taliyah,True
11,64,6,8,0,CARRY,11,4,2,1735,Tristana,True
1,23,21,2,0,SUPPORT,67,3,2,1735,Thresh,True
11,41,14,4,3,DUO,45,3,5,1756,Teemo,True
9,31,3,2,1,NONE,22,1,5,1756,JarvanIV,True
8,31,11,4,1,DUO,19,3,5,1756,Orianna,True
4,27,10,6,2,CARRY,9,4,5,1756,Yunara,True
5,21,30,8,4,SUPPORT,24,1,5,1756,Nami,True
2,9,7,3,0,SOLO,9,2,8,1756,Irelia,False
1,30,4,8,2,NONE,27,0,8,1756,Vi,False
2,19,11,1,1,SOLO,18,0,8,1756,Ahri,False
5,35,9,2,1,CARRY,8,3,8,1756,KogMaw,False
7,23,27,4,0,SUPPORT,20,1,8,1756,Lulu,False
1,27,5,2,0,SOLO,12,2,1,1307,Rumble,True
13,43,3,6,0,NONE,26,1,1,1307,Trundle,True
3,32,7,0,1,SOLO,129,0,1,1307,Nocturne,True
7,10,3,1,0,CARRY,12,3,1,1307,Ziggs,True
1,18,20,2,1,SUPPORT,33,2,1,1307,Rakan,True
12,17,6,1,0,SOLO,6,0,5,1307,Ambessa,False
5,35,6,2,1,NONE,16,0,5,1307,DrMundo,False
2,24,5,1,0,SOLO,8,0,5,1307,Aurora,False
0,15,7,0,0,CARRY,21,1,5,1307,Caitlyn,False
10,27,22,2,3,SUPPORT,40,1,5,1307,Thresh,False
2,14,10,2,1,SOLO,22,2,11,2461,Olaf,False
2,41,15,3,0,NONE,55,2,11,2461,Taliyah,False
23,54,5,5,4,SOLO,25,2,11,2461,Mel,False
2,7,9,2,0,CARRY,18,4,11,2461,Xayah,False
0,11,38,4,0,SUPPORT,95,1,11,2461,Morgana,False
2,7,15,3,0,DUO,22,7,7,2461,Riven,True
4,15,1,5,0,NONE,28,1,7,2461,Lillia,True
2,13,22,2,5,SOLO,27,2,7,2461,Ahri,True
0,9,12,5,0,DUO,6,1,7,2461,Ezreal,True
1,5,37,11,2,SOLO,37,2,7,2461,Rakan,True
1,2,9,3,0,SOLO,15,5,10,2121,DrMundo,False
0,44,2,4,1,NONE,57,2,10,2121,Sejuani,False
6,24,10,2,1,SOLO,58,3,10,2121,Anivia,False
9,25,9,4,2,CARRY,15,4,10,2121,Draven,False
11,182,69,13,20,SUPPORT,91,2,10,2121,Leona,False
11,41,12,5,0,SOLO,30,7,6,2121,Camille,True
2,57,3,10,0,NONE,52,6,6,2121,JarvanIV,True
7,24,16,6,8,SOLO,68,4,6,2121,Zoe,True
3,16,12,4,1,CARRY,61,3,6,2121,Mel,True
20,124,50,10,18,SUPPORT,72,5,6,2121,Karma,True
2,15,11,0,0,SOLO,59,0,11,2277,Briar,False
6,51,17,4,3,NONE,27,1,11,2277,LeeSin,False
0,21,10,3,0,SOLO,35,1,11,2277,Ahri,False
1,36,11,2,0,CARRY,14,0,11,2277,MissFortune,False
0,5,20,7,3,SUPPORT,41,0,11,2277,Velkoz,False
14,22,13,1,1,SOLO,72,5,3,2277,KSante,True
1,20,4,4,1,NONE,76,3,3,2277,RekSai,True
2,3,9,0,0,DUO,37,4,3,2277,Syndra,True
9,31,11,2,0,DUO,5,5,3,2277,Lucian,True
0,0,36,5,2,SOLO,51,7,3,2277,Nami,True
4,55,3,5,0,NONE,77,2,6,2563,Sion,True
6,42,2,4,1,NONE,50,3,6,2563,Malphite,True
4,10,17,0,1,SOLO,15,1,6,2563,Aurora,True
4,130,7,1,0,CARRY,29,2,6,2563,Aphelios,True
3,19,40,14,2,SUPPORT,90,3,6,2563,Lux,True
5,56,8,3,0,NONE,10,5,7,2563,Gwen,False
0,11,2,4,0,NONE,37,2,7,2563,Ambessa,False
10,71,6,2,0,SOLO,83,1,7,2563,Swain,False
14,110,7,1,0,NONE,77,2,7,2563,Ashe,False
3,9,42,10,8,SOLO,54,2,7,2563,Seraphine,False
12,29,7,0,0,SUPPORT,23,1,4,1182,Teemo,False
2,9,5,1,1,SUPPORT,8,0,4,1182,Qiyana,False
13,33,7,0,1,SUPPORT,14,0,4,1182,TwistedFate,False
2,11,6,0,1,SUPPORT,9,0,4,1182,Xayah,False
3,39,7,0,0,SUPPORT,23,0,4,1182,Zoe,False
7,12,7,0,0,SUPPORT,15,1,1,1182,Ornn,True
8,84,2,3,1,SUPPORT,16,0,1,1182,Volibear,True
1,6,4,1,0,DUO,0,0,1,1182,Akali,True
0,5,6,1,0,SUPPORT,0,3,1,1182,Lucian,True
0,11,19,5,3,SUPPORT,20,3,1,1182,Taric,True
6,9,9,3,0,SOLO,8,0,9,1631,Aurora,False
5,53,4,4,1,NONE,12,1,9,1631,Sylas,False
10,46,10,1,0,SOLO,51,1,9,1631,Annie,False
1,20,8,2,0,CARRY,5,1,9,1631,MissFortune,False
12,47,22,9,5,SUPPORT,13,1,9,1631,Milio,False
1,37,8,0,0,SOLO,16,5,2,1631,Ryze,True
4,54,7,4,3,NONE,29,2,2,1631,RekSai,True
7,20,10,6,1,SOLO,31,2,2,1631,Galio,True
0,5,8,4,0,CARRY,13,4,2,1631,Smolder,True
2,17,24,3,1,SUPPORT,22,5,2,1631,Nami,True
1,3,5,1,0,SOLO,33,3,10,1602,Garen,False
6,69,3,4,0,NONE,19,0,10,1602,Lillia,False
3,24,12,1,4,SOLO,36,0,10,1602,Zoe,False
8,72,11,10,2,CARRY,6,0,10,1602,Yunara,False
2,27,19,2,0,SUPPORT,26,0,10,1602,Karma,False
2,10,8,2,0,SOLO,6,5,3,1602,Gwen,True
6,120,11,4,2,NONE,10,4,3,1602,Rengar,True
11,40,16,2,3,SOLO,11,2,3,1602,Leblanc,True
3,8,6,0,0,CARRY,16,3,3,1602,Aphelios,True
1,18,33,6,4,SUPPORT,30,3,3,1602,Braum,True
3,27,10,3,0,CARRY,6,9,2,1807,Ezreal,True
1,49,7,8,4,NONE,29,6,2,1807,Viego,True
1,37,6,7,1,SOLO,62,3,2,1807,Neeko,True
9,14,10,6,1,SOLO,22,2,2,1807,Aatrox,True
0,20,45,7,8,SUPPORT,62,2,2,1807,Nautilus,True
2,6,9,1,1,SOLO,6,1,11,1807,Yorick,False
3,43,1,4,0,NONE,8,0,11,1807,MasterYi,False
6,35,15,3,4,SUPPORT,41,0,11,1807,Galio,False
3,16,9,1,0,DUO,0,1,11,1807,Kaisa,False
1,8,44,13,9,SUPPORT,35,0,11,1807,Taric,False
17,60,7,4,0,DUO,7,2,4,1650,Kassadin,True
12,95,11,5,2,NONE,147,0,4,1650,Nocturne,True
4,24,2,1,0,DUO,46,1,4,1650,Zac,True
4,35,9,5,0,SOLO,3,2,4,1650,Sivir,True
2,42,27,8,5,SOLO,58,0,4,1650,Leona,True
3,4,10,2,2,DUO,37,0,5,1650,Teemo,False
3,101,6,4,4,NONE,31,1,5,1650,Lillia,False
3,21,6,0,0,DUO,16,4,5,1650,Ryze,False
4,9,7,4,0,CARRY,10,0,5,1650,Tristana,False
1,8,34,12,6,SUPPORT,53,0,5,1650,Blitzcrank,False
0,5,10,0,0,SOLO,6,2,1,1546,Vladimir,True
0,3,5,3,0,NONE,12,1,1,1546,MonkeyKing,True
1,8,10,2,1,SOLO,16,4,1,1546,Jayce,True
1,9,7,0,0,CARRY,43,2,1,1546,Ashe,True
1,3,21,2,2,SUPPORT,27,0,1,1546,Braum,True
2,10,7,0,0,SOLO,30,0,6,1546,KSante,False
1,42,1,3,0,NONE,5,0,6,1546,Zed,False
5,10,9,0,0,SOLO,20,0,6,1546,Taliyah,False
3,6,5,0,0,CARRY,5,0,6,1546,Ezreal,False
0,4,24,9,0,SUPPORT,40,0,6,1546,Neeko,False
2,16,7,1,1,SOLO,26,4,2,1754,Aatrox,True
25,98,10,1,6,NONE,22,4,2,1754,Kayn,True
2,38,6,7,2,SOLO,4,3,2,1754,Akali,True
2,43,7,9,0,CARRY,56,5,2,1754,Ashe,True
22,98,29,7,7,SUPPORT,79,4,2,1754,Alistar,True
4,60,9,1,0,SOLO,19,1,9,1754,Ambessa,False
8,120,6,2,3,NONE,25,0,9,1754,Ekko,False
2,45,0,3,0,SOLO,46,0,9,1754,FiddleSticks,False
7,33,8,1,0,CARRY,7,2,9,1754,Tristana,False
1,29,45,8,8,SUPPORT,83,0,9,1754,Nautilus,False
1,20,4,0,0,SOLO,48,0,11,1647,Ornn,False
12,52,2,5,1,NONE,22,0,11,1647,Shaco,False
5,40,4,2,0,SOLO,3,1,11,1647,Akshan,False
16,47,8,0,0,CARRY,8,0,11,1647,Smolder,False
4,16,22,4,1,SUPPORT,30,0,11,1647,Soraka,False
0,6,9,1,0,DUO,28,3,1,1647,Aatrox,True
0,33,4,6,1,NONE,17,4,1,1647,JarvanIV,True
14,27,6,1,3,DUO,17,7,1,1647,Qiyana,True
2,24,9,2,1,CARRY,2,7,1,1647,Kaisa,True
1,33,33,2,2,SUPPORT,25,5,1,1647,Seraphine,True
1,1,6,0,1,SUPPORT,19,0,4,1121,Zaahen,False
3,13,4,0,0,SUPPORT,5,0,4,1121,Ekko,False
6,12,4,0,0,SUPPORT,15,0,4,1121,TwistedFate,False
2,6,6,0,0,DUO,4,0,4,1121,Twitch,False
9,15,14,1,3,SUPPORT,14,0,4,1121,Braum,False
0,0,2,0,0,SUPPORT,25,2,0,1121,Malphite,True
6,39,1,4,0,SUPPORT,2,1,0,1121,MasterYi,True
7,27,6,0,0,SUPPORT,21,1,0,1121,Sylas,True
11,53,7,1,0,SUPPORT,2,1,0,1121,MissFortune,True
0,20,7,0,0,SUPPORT,10,1,0,1121,Yuumi,True
1,1,6,0,1,SUPPORT,19,0,4,1121,Zaahen,False
3,13,4,0,0,SUPPORT,5,0,4,1121,Ekko,False
6,12,4,0,0,SUPPORT,15,0,4,1121,TwistedFate,False
2,6,6,0,0,DUO,4,0,4,1121,Twitch,False
9,15,14,1,3,SUPPORT,14,0,4,1121,Braum,False
0,0,2,0,0,SUPPORT,25,2,0,1121,Malphite,True
6,39,1,4,0,SUPPORT,2,1,0,1121,MasterYi,True
7,27,6,0,0,SUPPORT,21,1,0,1121,Sylas,True
11,53,7,1,0,SUPPORT,2,1,0,1121,MissFortune,True
0,20,7,0,0,SUPPORT,10,1,0,1121,Yuumi,True
3,8,9,1,0,SOLO,23,0,10,1697,Riven,False
1,4,3,0,1,NONE,17,1,10,1697,Udyr,False
1,4,12,0,0,SOLO,26,1,10,1697,Leblanc,False
0,5,9,1,0,CARRY,3,4,10,1697,Tristana,False
0,2,2,0,0,SUPPORT,27,0,10,1697,Lux,False
6,12,9,1,0,SOLO,27,4,5,1697,Urgot,True
1,17,3,0,0,NONE,22,2,5,1697,Lillia,True
0,2,2,0,0,SOLO,32,4,5,1697,Veigar,True
0,3,8,0,0,CARRY,19,5,5,1697,Aphelios,True
1,14,22,2,1,SUPPORT,62,4,5,1697,Leona,True
4,31,9,1,0,SOLO,5,3,2,1662,Naafiri,True
1,25,5,4,3,NONE,12,5,2,1662,Gwen,True
3,5,13,1,2,SOLO,0,2,2,1662,Akali,True
7,68,4,0,0,CARRY,14,1,2,1662,Karthus,True
2,12,23,9,1,SUPPORT,33,3,2,1662,Bard,True
1,3,7,2,0,SOLO,11,0,9,1662,Aatrox,False
8,51,1,4,0,NONE,7,0,9,1662,Zed,False
29,72,9,1,1,SOLO,27,1,9,1662,Syndra,False
4,16,3,1,0,CARRY,14,1,9,1662,Xayah,False
1,20,25,11,2,SUPPORT,29,0,9,1662,Rakan,False
15,27,9,1,0,SOLO,12,8,2,1657,Nasus,True
0,43,7,6,5,NONE,10,4,2,1657,Gwen,True
7,34,2,0,0,SOLO,20,2,2,1657,Sylas,True
16,65,8,0,0,CARRY,8,6,2,1657,MissFortune,True
8,33,20,4,0,SUPPORT,13,3,2,1657,Sona,True
8,33,9,0,0,SOLO,18,2,11,1657,Camille,False
2,3,3,2,0,NONE,7,0,11,1657,Fizz,False
17,44,9,1,0,SOLO,1,0,11,1657,Akali,False
4,27,10,4,1,CARRY,31,0,11,1657,Ashe,False
3,27,24,2,0,SUPPORT,37,0,11,1657,Nami,False
3,25,12,3,0,SOLO,62,5,8,1988,Malzahar,True
1,25,4,8,4,NONE,36,4,8,1988,Ekko,True
4,31,14,2,3,SOLO,28,3,8,1988,Zaahen,True
0,9,4,2,2,CARRY,5,3,8,1988,Ezreal,True
6,38,55,10,14,SUPPORT,72,5,8,1988,Alistar,True
0,8,8,2,0,DUO,12,1,10,1988,Jayce,False
2,19,4,1,2,NONE,25,0,10,1988,Lillia,False
3,13,11,4,0,DUO,13,5,10,1988,Irelia,False
6,29,8,3,0,CARRY,20,2,10,1988,Ziggs,False
9,39,44,5,6,SUPPORT,46,0,10,1988,Nautilus,False
4,23,9,1,4,DUO,19,4,9,2225,Irelia,False
0,63,2,1,1,NONE,41,3,9,2225,Warwick,False
5,13,9,0,0,DUO,53,1,9,2225,Mel,False
4,19,13,2,1,CARRY,13,0,9,2225,MissFortune,False
1,8,21,9,1,SUPPORT,59,0,9,2225,Poppy,False
0,9,16,3,1,CARRY,40,2,6,2225,Nasus,True
0,4,15,2,0,SUPPORT,22,1,6,2225,Kayn,True
14,64,6,0,0,SOLO,4,5,6,2225,Katarina,True
3,11,13,1,0,CARRY,19,3,6,2225,Aphelios,True
0,10,37,10,3,SUPPORT,59,0,6,2225,Braum,True
7,55,11,2,2,SOLO,37,4,2,1562,Gnar,True
5,29,1,1,0,NONE,24,5,2,1562,Pantheon,True
4,22,8,3,0,DUO,26,6,2,1562,Viktor,True
5,24,8,0,0,DUO,7,6,2,1562,Corki,True
0,9,23,6,2,SOLO,25,4,2,1562,Soraka,True
2,29,2,3,1,SOLO,23,2,10,1562,Sion,False
11,63,8,2,1,NONE,10,0,10,1562,Zed,False
3,20,9,0,2,SOLO,33,0,10,1562,Taliyah,False
2,33,7,1,0,CARRY,11,0,10,1562,Vayne,False
0,22,27,6,0,SUPPORT,18,0,10,1562,Sona,False
0,5,9,2,0,SOLO,8,3,8,1833,Kled,False
0,26,18,3,7,NONE,34,0,8,1833,LeeSin,False
9,31,12,2,1,SOLO,35,2,8,1833,Malphite,False
15,65,2,1,0,CARRY,14,2,8,1833,Twitch,False
5,41,28,18,4,SUPPORT,27,1,8,1833,Milio,False
4,24,10,1,1,SOLO,23,3,5,1833,Yone,True
6,30,19,3,7,NONE,26,4,5,1833,Jax,True
27,139,10,7,2,SOLO,13,7,5,1833,Azir,True
10,26,8,1,0,CARRY,15,2,5,1833,Draven,True
2,32,43,6,9,SUPPORT,38,2,5,1833,Blitzcrank,True
2,4,13,1,5,SOLO,33,1,10,1520,Gnar,False
0,17,10,2,2,NONE,21,0,10,1520,Shen,False
0,70,7,1,1,SOLO,35,0,10,1520,Anivia,False
11,25,8,1,0,CARRY,5,0,10,1520,MissFortune,False
1,5,20,4,2,SUPPORT,28,0,10,1520,Xerath,False
2,9,10,3,1,SOLO,20,1,1,1520,Pantheon,True
5,42,4,5,3,NONE,26,2,1,1520,Zaahen,True
1,10,9,1,0,SOLO,8,0,1,1520,Aurora,True
10,24,10,4,2,CARRY,0,7,1,1520,Sivir,True
2,23,24,5,3,SUPPORT,20,6,1,1520,Senna,True
14,46,11,1,0,SOLO,32,2,8,2220,Darius,False
13,57,7,4,5,NONE,21,0,8,2220,Viego,False
13,78,18,2,2,SOLO,85,2,8,2220,Chogath,False
11,45,7,6,0,CARRY,0,1,8,2220,Kaisa,False
2,17,36,6,4,SUPPORT,54,0,8,2220,Blitzcrank,False
5,20,14,3,0,SOLO,37,3,6,2220,Shen,True
25,186,7,5,3,NONE,29,2,6,2220,Karthus,True
7,16,5,2,0,SOLO,32,1,6,2220,Xerath,True
8,19,8,4,0,CARRY,15,6,6,2220,Draven,True
2,56,30,6,3,SUPPORT,76,3,6,2220,Nautilus,True
17,64,8,1,1,SOLO,84,5,3,1916,Chogath,True
2,140,26,3,10,NONE,16,3,3,1916,LeeSin,True
5,48,4,4,1,SOLO,4,3,3,1916,Kassadin,True
36,83,8,4,0,CARRY,0,6,3,1916,Kaisa,True
3,69,39,11,8,SUPPORT,33,3,3,1916,Neeko,True
5,31,10,3,0,SOLO,20,0,9,1916,Sett,False
8,71,7,11,2,NONE,5,0,9,1916,Zed,False
1,11,12,5,0,SOLO,22,1,9,1916,Seraphine,False
2,22,10,2,0,CARRY,8,3,9,1916,Caitlyn,False
3,36,41,11,2,SUPPORT,19,2,9,1916,Nami,False
2,4,6,0,0,SOLO,43,1,11,1516,Ornn,False
2,20,2,7,0,NONE,8,0,11,1516,Kindred,False
10,21,8,0,0,SOLO,16,0,11,1516,Karma,False
6,14,9,0,2,CARRY,4,0,11,1516,KogMaw,False
9,19,22,4,2,SUPPORT,24,0,11,1516,Lulu,False
2,28,9,0,0,SOLO,6,4,1,1516,Gwen,True
5,85,2,3,2,NONE,57,5,1,1516,Ivern,True
0,0,9,5,1,SOLO,6,4,1,1516,Smolder,True
1,8,8,1,0,CARRY,48,9,1,1516,Jhin,True
10,33,24,3,2,SUPPORT,56,8,1,1516,Leona,True
0,1,8,1,0,SOLO,25,1,1,1399,Sett,True
0,2,8,1,1,NONE,33,0,1,1399,Ivern,True
7,24,7,0,0,SOLO,24,1,1,1399,Pantheon,True
0,14,7,1,0,CARRY,29,1,1,1399,Mel,True
3,22,15,2,2,SUPPORT,36,1,1,1399,Thresh,True
10,24,8,0,0,SOLO,33,1,3,1399,Zaahen,False
0,2,5,0,1,NONE,10,0,3,1399,Fizz,False
3,13,4,2,0,SOLO,32,0,3,1399,Zoe,False
0,7,8,0,0,CARRY,6,0,3,1399,Nilah,False
0,18,9,1,0,SUPPORT,10,1,3,1399,MissFortune,False
12,54,14,8,5,NONE,24,3,2,1673,Camille,True
2,20,4,3,3,NONE,25,3,2,1673,Viego,True
2,13,10,3,0,SOLO,34,6,2,1673,Velkoz,True
6,36,19,0,8,CARRY,18,9,2,1673,Jhin,True
2,24,19,6,0,SUPPORT,38,5,2,1673,Bard,True
7,38,10,3,0,SOLO,5,0,10,1673,Kayle,False
14,52,4,7,0,NONE,26,1,10,1673,RekSai,False
6,32,12,1,3,SOLO,10,2,10,1673,Yone,False
0,10,3,3,0,CARRY,33,1,10,1673,Ashe,False
10,65,36,10,8,SUPPORT,50,1,10,1673,Maokai,False
8,89,11,5,0,SOLO,63,9,2,2326,KSante,True
2,42,4,7,2,NONE,29,2,2,2326,Sylas,True
0,2,15,3,0,SOLO,27,3,2,2326,Zaahen,True
0,1,14,1,0,CARRY,48,6,2,2326,Mel,True
2,4,23,6,0,SUPPORT,50,7,2,2326,Senna,True
3,12,11,0,0,SOLO,34,0,10,2326,Riven,False
4,14,17,2,3,NONE,37,0,10,2326,Ornn,False
4,8,16,0,1,SOLO,35,2,10,2326,Ziggs,False
5,16,7,2,0,CARRY,19,0,10,2326,Smolder,False
3,13,24,9,3,SUPPORT,71,0,10,2326,Soraka,False
4,22,6,3,0,SOLO,25,2,8,1297,Sejuani,False
18,70,2,1,0,NONE,11,1,8,1297,Vi,False
3,26,4,0,0,SOLO,3,0,8,1297,Vladimir,False
12,53,7,2,3,CARRY,4,0,8,1297,Ezreal,False
3,49,24,5,4,SUPPORT,33,1,8,1297,Soraka,False
0,1,4,0,0,DUO,18,1,2,1297,Zaahen,True
14,114,6,6,4,NONE,31,3,2,1297,Zyra,True
3,71,2,5,0,DUO,5,7,2,1297,Tristana,True
0,8,10,6,2,CARRY,27,3,2,1297,Senna,True
0,11,24,1,4,SUPPORT,9,2,2,1297,TahmKench,True
0,161,5,0,0,NONE,22,1,9,1736,Quinn,False
24,139,8,7,6,NONE,8,0,9,1736,Gwen,False
25,79,5,2,0,SOLO,23,1,9,1736,Vex,False
9,28,9,4,1,CARRY,3,1,9,1736,Lucian,False
0,6,27,5,4,SUPPORT,12,1,9,1736,Sona,False
5,14,8,4,3,DUO,9,4,2,1736,Ambessa,True
0,15,2,9,2,NONE,40,2,2,1736,FiddleSticks,True
4,59,10,4,0,DUO,7,3,2,1736,Akshan,True
16,56,9,4,1,CARRY,10,6,2,1736,Tristana,True
22,42,27,2,1,SUPPORT,18,6,2,1736,Yuumi,True
0,2,6,1,0,NONE,98,5,6,2103,KSante,True
1,31,5,3,3,NONE,29,3,6,2103,Graves,True
5,54,14,2,1,SOLO,34,3,6,2103,Pyke,True
2,4,9,2,0,CARRY,12,5,6,2103,Kaisa,True
0,4,38,2,0,SUPPORT,36,4,6,2103,Varus,True
0,0,2,0,0,DUO,19,0,10,2103,Camille,False
0,11,5,5,1,NONE,51,0,10,2103,Ornn,False
15,21,6,1,2,DUO,6,1,10,2103,Kassadin,False
0,5,11,1,0,CARRY,26,4,10,2103,Ziggs,False
4,5,19,8,1,SUPPORT,27,4,10,2103,DrMundo,False
0,4,10,1,1,DUO,64,2,8,1837,Teemo,False
0,10,7,1,0,NONE,30,0,8,1837,JarvanIV,False
7,32,9,2,0,DUO,23,0,8,1837,Orianna,False
16,38,7,7,3,CARRY,24,1,8,1837,Caitlyn,False
8,58,23,8,6,SUPPORT,30,0,8,1837,Alistar,False
3,39,11,1,0,SOLO,40,4,3,1837,Malphite,True
0,15,1,4,0,NONE,19,3,3,1837,Ambessa,True
0,18,10,0,0,SOLO,42,3,3,1837,Velkoz,True
0,6,9,3,1,CARRY,11,3,3,1837,Smolder,True
0,7,35,7,9,SUPPORT,26,3,3,1837,Renata,True
6,6,6,1,1,SUPPORT,7,1,3,1015,DrMundo,False
6,40,5,1,4,SUPPORT,5,0,3,1015,Zaahen,False
14,37,8,0,2,SUPPORT,16,0,3,1015,Galio,False
0,0,4,0,0,SUPPORT,6,0,3,1015,Jhin,False
2,5,11,4,2,SUPPORT,21,0,3,1015,Nami,False
3,8,6,1,0,SUPPORT,11,1,1,1015,Riven,True
0,12,2,1,0,SUPPORT,8,1,1,1015,Trundle,True
0,4,3,0,0,SUPPORT,32,0,1,1015,Lux,True
0,4,6,1,1,SUPPORT,21,2,1,1015,Mel,True
0,1,9,6,0,SUPPORT,33,2,1,1015,Neeko,True
4,9,12,0,0,SOLO,24,7,4,2405,Olaf,True
2,28,21,5,8,NONE,59,3,4,2405,Teemo,True
13,71,12,0,0,SOLO,104,8,4,2405,Malzahar,True
0,5,15,3,0,CARRY,10,4,4,2405,Yunara,True
18,37,44,4,3,SUPPORT,37,3,4,2405,Lux,True
5,31,12,2,0,SOLO,60,0,13,2405,Ornn,False
1,33,1,12,0,NONE,14,1,13,2405,Viego,False
9,28,14,1,0,SOLO,13,0,13,2405,Sylas,False
11,31,5,6,0,CARRY,48,4,13,2405,Ashe,False
0,18,52,11,8,SUPPORT,41,1,13,2405,Morgana,False
9,36,11,4,1,SOLO,37,4,1,1753,Urgot,True
10,126,7,1,3,NONE,163,6,1,1753,Nocturne,True
10,41,9,1,0,CARRY,28,2,1,1753,Zac,True
0,5,9,1,3,SOLO,11,9,1,1753,Ziggs,True
24,58,27,6,3,SUPPORT,42,9,1,1753,Bard,True
0,16,9,0,0,SOLO,20,0,10,1753,Yone,False
1,46,0,8,0,NONE,34,0,10,1753,Volibear,False
4,18,7,3,4,SOLO,10,0,10,1753,Zed,False
0,14,5,3,0,CARRY,34,1,10,1753,Mel,False
3,14,16,8,0,SUPPORT,14,1,10,1753,Poppy,False
6,70,6,2,0,SOLO,14,5,3,1946,Olaf,True
1,71,12,2,0,NONE,52,4,3,1946,Ivern,True
6,31,9,4,2,CARRY,40,2,3,1946,Taliyah,True
3,41,9,4,1,SOLO,11,5,3,1946,Yunara,True
7,68,38,7,5,SUPPORT,60,4,3,1946,Alistar,True
0,9,11,0,0,SOLO,20,2,8,1946,Sett,False
23,94,11,3,3,NONE,16,0,8,1946,LeeSin,False
5,28,10,3,0,SOLO,27,0,8,1946,Galio,False
3,25,7,2,0,CARRY,21,1,8,1946,Jinx,False
0,8,32,8,5,SUPPORT,22,1,8,1946,Milio,False
0,36,14,1,0,SOLO,8,4,11,2367,Fiora,False
5,15,4,13,4,NONE,65,2,11,2367,Skarner,False
4,74,11,1,0,SOLO,21,0,11,2367,Ahri,False
18,60,11,14,0,CARRY,7,1,11,2367,Zeri,False
41,195,56,8,16,SUPPORT,31,1,11,2367,Lulu,False
1,17,10,2,1,SOLO,16,6,7,2367,Gangplank,True
7,104,6,2,1,NONE,24,0,7,2367,Karthus,True
16,44,8,7,1,SOLO,37,2,7,2367,Sylas,True
3,36,11,3,0,CARRY,2,8,7,2367,Ezreal,True
1,21,69,11,15,SUPPORT,47,5,7,2367,Karma,True
17,22,10,0,0,SOLO,20,1,11,1679,Aatrox,False
4,55,5,3,3,NONE,55,1,11,1679,Nautilus,False
11,64,11,0,1,SOLO,22,0,11,1679,Ahri,False
6,40,8,1,0,CARRY,4,3,11,1679,Aphelios,False
1,23,30,6,4,SUPPORT,32,2,11,1679,Thresh,False
2,23,7,0,3,DUO,20,6,4,1679,Yasuo,True
4,33,1,4,0,NONE,30,1,4,1679,Elise,True
0,4,5,0,0,DUO,19,2,4,1679,Yone,True
1,9,7,2,0,CARRY,13,2,4,1679,Twitch,True
10,25,23,8,0,SUPPORT,40,3,4,1679,Nami,True
2,18,5,0,0,SUPPORT,12,4,2,1189,Renekton,True
6,98,4,5,3,SUPPORT,24,2,2,1189,JarvanIV,True
0,6,6,0,0,SUPPORT,31,2,2,1189,Sylas,True
0,23,5,1,0,SUPPORT,10,3,2,1189,KogMaw,True
4,20,20,4,2,SUPPORT,24,3,2,1189,Lulu,True
4,13,6,1,0,SUPPORT,15,2,5,1189,Pantheon,False
3,57,8,0,1,SUPPORT,15,0,5,1189,Jax,False
1,4,5,0,0,SUPPORT,29,0,5,1189,Galio,False
3,8,6,1,0,SUPPORT,12,0,5,1189,Twitch,False
4,23,18,6,4,SUPPORT,11,1,5,1189,Sona,False
2,10,6,2,0,SOLO,11,1,0,1253,Olaf,True
5,22,10,1,3,NONE,7,2,0,1253,LeeSin,True
8,17,7,2,0,SOLO,13,3,0,1253,Viktor,True
3,15,5,1,0,CARRY,2,1,0,1253,MissFortune,True
3,11,12,2,1,SUPPORT,33,1,0,1253,Bard,True
2,5,7,0,0,SOLO,9,0,4,1253,Yone,False
8,21,6,0,0,NONE,5,0,4,1253,Pantheon,False
0,4,4,0,0,SOLO,9,0,4,1253,Ahri,False
1,22,7,0,0,CARRY,9,0,4,1253,Varus,False
0,38,16,1,1,SUPPORT,25,0,4,1253,Janna,False
11,64,11,4,1,DUO,6,2,1,1690,Gwen,True
7,63,3,2,2,NONE,37,1,1,1690,Udyr,True
27,127,15,1,3,DUO,67,1,1,1690,Malzahar,True
2,62,7,4,0,CARRY,2,2,1,1690,Kaisa,True
4,48,25,16,0,SUPPORT,32,1,1,1690,Zilean,True
4,21,8,1,0,SOLO,3,1,5,1690,Illaoi,False
28,72,10,4,10,NONE,14,0,5,1690,MonkeyKing,False
7,29,10,5,3,SOLO,15,0,5,1690,Hwei,False
14,97,7,2,0,CARRY,2,0,5,1690,Ezreal,False
1,6,36,8,2,SUPPORT,29,0,5,1690,Soraka,False
4,8,9,5,0,SUPPORT,36,1,7,2000,Shen,False
9,17,2,4,2,NONE,50,2,7,2000,Skarner,False
6,33,13,1,1,DUO,15,4,7,2000,Diana,False
21,44,8,2,0,DUO,42,0,7,2000,Mel,False
2,25,33,10,3,SOLO,44,2,7,2000,Nami,False
10,37,12,4,1,SOLO,14,5,6,2000,Kled,True
15,122,11,3,1,NONE,199,3,6,2000,Nocturne,True
64,175,1,7,0,SOLO,17,3,6,2000,Fizz,True
18,164,16,6,4,CARRY,24,5,6,2000,Smolder,True
23,146,52,3,16,SUPPORT,93,2,6,2000,Nautilus,True
0,2,6,1,0,SOLO,39,2,3,1566,Teemo,False
1,14,4,1,1,NONE,36,0,3,1566,Vi,False
0,1,9,1,0,SOLO,15,1,3,1566,AurelionSol,False
4,14,10,1,0,CARRY,22,1,3,1566,Caitlyn,False
1,7,32,21,3,SUPPORT,29,1,3,1566,Pyke,False
0,13,8,0,0,SOLO,60,0,4,1566,Chogath,True
1,26,3,2,0,NONE,21,1,4,1566,RekSai,True
14,26,9,2,0,SOLO,31,2,4,1566,Ryze,True
1,19,8,1,0,CARRY,19,3,4,1566,Jhin,True
11,20,27,1,9,SUPPORT,22,1,4,1566,Renata,True
6,21,11,7,0,SOLO,9,3,9,2349,Gwen,False
3,44,13,0,0,NONE,23,0,9,2349,LeeSin,False
2,40,15,1,0,DUO,8,1,9,2349,Aurora,False
9,31,10,3,1,DUO,3,1,9,2349,Kaisa,False
4,34,70,11,12,SUPPORT,33,1,9,2349,Pantheon,False
10,32,14,8,0,SOLO,33,3,5,2349,Yone,True
20,67,3,14,1,NONE,17,0,5,2349,Rengar,True
9,18,15,8,0,SOLO,29,3,5,2349,Velkoz,True
0,5,14,5,0,CARRY,18,7,5,2349,Xayah,True
2,18,44,16,1,SUPPORT,46,3,5,2349,Neeko,True
1,9,9,2,0,SOLO,29,7,4,1843,Sion,True
3,46,13,4,2,NONE,24,5,4,1843,Jax,True
3,22,7,1,0,SOLO,61,5,4,1843,Syndra,True
2,10,9,6,0,CARRY,3,4,4,1843,Kaisa,True
3,7,29,5,4,SUPPORT,27,4,4,1843,Soraka,True
2,16,11,3,0,SOLO,7,1,10,1843,Vladimir,False
3,38,6,2,5,NONE,32,0,10,1843,Qiyana,False
4,20,1,5,0,SOLO,9,1,10,1843,Ambessa,False
5,41,8,0,0,CARRY,13,1,10,1843,Twitch,False
6,17,39,6,3,SUPPORT,45,2,10,1843,Lulu,False
4,19,9,1,0,SOLO,25,0,5,1589,Gnar,False
6,32,2,5,0,NONE,10,0,5,1589,Diana,False
5,15,4,2,0,SOLO,13,0,5,1589,Leblanc,False
3,67,8,2,0,CARRY,5,0,5,1589,MissFortune,False
3,20,25,4,5,SUPPORT,23,0,5,1589,Galio,False
1,13,12,0,3,SOLO,27,3,0,1589,LeeSin,True
25,65,4,3,3,NONE,17,0,0,1589,Rengar,True
6,30,10,0,0,SOLO,12,2,0,1589,Fizz,True
0,4,10,8,1,CARRY,5,1,0,1589,Samira,True
1,4,16,0,1,SUPPORT,14,1,0,1589,Yuumi,True
2,31,7,0,0,SOLO,23,0,7,1588,Darius,False
5,16,1,7,0,NONE,19,0,7,1588,Viego,False
6,11,5,2,0,SOLO,23,1,7,1588,Vex,False
0,7,8,5,0,CARRY,8,0,7,1588,Nilah,False
1,6,33,5,3,SUPPORT,29,0,7,1588,Lulu,False
0,1,7,0,1,SOLO,33,4,1,1588,Garen,True
20,69,2,3,1,NONE,30,0,1,1588,Malphite,True
4,15,9,3,2,SOLO,28,0,1,1588,AurelionSol,True
1,41,7,2,1,CARRY,19,2,1,1588,Jinx,True
2,15,32,3,4,SUPPORT,41,2,1,1588,Senna,True
1,15,6,0,0,SUPPORT,15,0,4,1147,LeeSin,False
14,42,6,1,0,SUPPORT,5,0,4,1147,Viego,False
3,8,5,1,0,DUO,23,0,4,1147,Neeko,False
10,14,2,1,0,SUPPORT,0,0,4,1147,Tristana,False
0,10,8,0,0,SUPPORT,24,0,4,1147,Zac,False
2,11,8,0,1,SUPPORT,29,1,0,1147,Kennen,True
2,19,2,1,0,SUPPORT,10,0,0,1147,Ambessa,True
4,5,10,0,3,SUPPORT,23,0,0,1147,Morgana,True
3,30,6,0,2,DUO,1,3,0,1147,Sivir,True
5,31,17,0,0,SUPPORT,63,1,0,1147,FiddleSticks,True
1,15,6,0,0,SUPPORT,15,0,4,1147,LeeSin,False
14,42,6,1,0,SUPPORT,5,0,4,1147,Viego,False
3,8,5,1,0,DUO,23,0,4,1147,Neeko,False
10,14,2,1,0,SUPPORT,0,0,4,1147,Tristana,False
0,10,8,0,0,SUPPORT,24,0,4,1147,Zac,False
2,11,8,0,1,SUPPORT,29,1,0,1147,Kennen,True
2,19,2,1,0,SUPPORT,10,0,0,1147,Ambessa,True
4,5,10,0,3,SUPPORT,23,0,0,1147,Morgana,True
3,30,6,0,2,DUO,1,3,0,1147,Sivir,True
5,31,17,0,0,SUPPORT,63,1,0,1147,FiddleSticks,True
2,20,9,1,0,SOLO,10,1,10,1870,Mordekaiser,False
4,15,13,7,6,NONE,14,2,10,1870,Aatrox,False
2,30,6,6,3,DUO,5,0,10,1870,Zed,False
4,39,5,7,0,DUO,2,2,10,1870,Lucian,False
0,1,34,6,4,SOLO,28,0,10,1870,Nami,False
0,18,12,3,1,SOLO,50,6,5,1870,Ashe,True
0,25,17,3,4,NONE,29,3,5,1870,LeeSin,True
3,20,6,6,2,NONE,26,6,5,1870,Sylas,True
1,4,9,3,1,CARRY,9,4,5,1870,MissFortune,True
13,54,39,2,8,SUPPORT,34,3,5,1870,Xerath,True
2,4,6,3,0,DUO,34,2,11,1870,Renekton,False
0,15,2,5,0,NONE,22,1,11,1870,Qiyana,False
3,88,9,3,0,DUO,27,1,11,1870,Mel,False
9,27,8,0,0,SOLO,1,1,11,1870,Samira,False
6,38,35,11,7,SUPPORT,36,1,11,1870,Pyke,False
5,19,9,1,0,DUO,19,6,4,1870,Kled,True
4,51,11,2,0,NONE,7,2,4,1870,Kindred,True
9,29,11,4,0,DUO,2,4,4,1870,Akali,True
1,10,7,1,0,CARRY,33,5,4,1870,Varus,True
11,38,29,6,6,SUPPORT,52,3,4,1870,Rell,True
14,72,14,4,1,SOLO,25,1,10,2135,Gangplank,False
4,47,5,8,5,NONE,53,1,10,2135,JarvanIV,False
16,47,6,0,0,SOLO,7,3,10,2135,Zed,False
6,11,11,3,0,CARRY,45,0,10,2135,Lux,False
8,40,61,5,4,SUPPORT,65,2,10,2135,Braum,False
3,28,5,6,0,SOLO,42,0,4,2135,Riven,True
15,154,3,5,2,SUPPORT,43,2,4,2135,XinZhao,True
3,17,15,6,3,CARRY,28,1,4,2135,Sylas,True
9,50,12,2,0,CARRY,3,5,4,2135,Corki,True
17,97,35,11,0,SUPPORT,103,2,4,2135,Bard,True
0,2,5,0,0,SOLO,9,5,0,1303,Jax,True
19,97,1,2,1,NONE,4,1,0,1303,Khazix,True
7,19,8,3,1,SOLO,31,6,0,1303,Syndra,True
1,4,5,1,0,CARRY,8,6,0,1303,Yunara,True
8,38,13,5,3,SUPPORT,28,6,0,1303,Alistar,True
0,18,5,0,0,SOLO,0,0,11,1303,MasterYi,False
2,15,2,3,1,NONE,12,0,11,1303,Sylas,False
15,41,7,0,0,SOLO,36,0,11,1303,Morgana,False
6,18,5,1,0,CARRY,7,0,11,1303,Nilah,False
1,3,17,5,2,SUPPORT,22,0,11,1303,Soraka,False
2,35,13,0,0,SOLO,5,4,10,2232,Yorick,False
10,126,7,8,5,NONE,29,1,10,2232,JarvanIV,False
11,51,14,8,1,SOLO,17,2,10,2232,Azir,False
37,171,10,3,5,CARRY,33,4,10,2232,Mel,False
17,52,47,18,8,SUPPORT,33,2,10,2232,Nami,False
10,59,15,4,2,SOLO,12,8,9,2232,Kayle,True
16,41,8,4,5,NONE,24,1,9,2232,Ekko,True
1,42,3,5,0,SOLO,9,4,9,2232,Zed,True
9,40,14,8,1,CARRY,8,7,9,2232,Draven,True
9,83,67,13,8,SUPPORT,40,7,9,2232,Janna,True
1,9,10,2,0,NONE,34,4,5,2102,Zaahen,True
7,10,10,1,0,NONE,11,2,5,2102,Talon,True
2,22,5,1,0,SOLO,38,4,5,2102,Sylas,True
0,5,11,0,0,CARRY,47,4,5,2102,Varus,True
0,11,27,7,2,SUPPORT,92,5,5,2102,Bard,True
12,22,13,1,1,SOLO,12,5,11,2102,Yorick,False
1,5,3,5,0,NONE,36,0,11,2102,Warwick,False
1,9,12,2,0,SOLO,53,0,11,2102,Lux,False
0,2,15,0,0,CARRY,8,0,11,2102,MasterYi,False
0,6,27,8,0,SUPPORT,49,0,11,2102,Blitzcrank,False
3,21,8,1,0,SOLO,8,3,2,1900,Mordekaiser,True
1,59,3,3,2,NONE,39,1,2,1900,Briar,True
4,50,17,7,4,CARRY,34,3,2,1900,Zoe,True
2,16,8,2,0,SOLO,25,6,2,1900,Aphelios,True
5,57,40,8,4,SUPPORT,28,3,2,1900,Sona,True
0,13,10,4,0,SOLO,12,1,11,1900,Fiora,False
1,36,5,3,3,NONE,51,0,11,1900,Ornn,False
5,10,15,6,6,SOLO,37,1,11,1900,Mel,False
13,39,6,2,0,DUO,39,0,11,1900,Jinx,False
4,55,39,11,6,DUO,51,0,11,1900,Taric,False
0,4,12,1,1,SOLO,71,3,6,1921,KSante,True
2,38,6,2,6,NONE,56,0,6,1921,FiddleSticks,True
0,11,11,4,6,SOLO,14,3,6,1921,Diana,True
0,11,12,2,2,CARRY,9,4,6,1921,Aphelios,True
1,3,30,7,5,SUPPORT,67,3,6,1921,Nautilus,True
2,6,8,0,0,SOLO,26,1,6,1921,Aatrox,False
0,0,10,2,0,NONE,48,3,6,1921,MonkeyKing,False
11,35,6,10,3,CARRY,32,4,6,1921,Ahri,False
1,48,8,1,1,SOLO,12,3,6,1921,Kaisa,False
6,47,31,12,2,SUPPORT,85,2,6,1921,Leona,False
0,17,14,0,5,SOLO,44,2,1,1652,TwistedFate,True
13,109,9,0,2,NONE,15,4,1,1652,Karthus,True
10,34,5,0,0,CARRY,12,4,1,1652,Caitlyn,True
0,2,8,0,1,SOLO,27,3,1,1652,Jhin,True
12,57,41,6,4,SUPPORT,36,1,1,1652,Karma,True
4,13,7,5,0,SOLO,30,0,8,1652,Pantheon,False
5,27,2,3,0,NONE,30,1,8,1652,JarvanIV,False
38,171,13,3,1,SOLO,29,0,8,1652,Lissandra,False
3,19,7,0,1,NONE,21,1,8,1652,Heimerdinger,False
2,11,14,8,0,SOLO,14,1,8,1652,Soraka,False
2,13,7,0,0,SOLO,24,1,11,1402,Sion,False
6,29,3,3,1,NONE,16,0,11,1402,Karthus,False
7,11,9,0,4,SOLO,18,0,11,1402,Velkoz,False
0,45,9,0,2,CARRY,0,0,11,1402,Lucian,False
12,21,24,7,3,SUPPORT,42,0,11,1402,Shaco,False
0,7,3,0,0,NONE,18,8,1,1402,DrMundo,True
4,86,5,3,2,NONE,14,3,1,1402,Diana,True
9,40,7,2,1,SOLO,18,4,1,1402,Pantheon,True
4,11,7,3,0,SOLO,5,5,1,1402,MissFortune,True
0,15,19,6,2,SOLO,36,5,1,1402,Rell,True
9,32,11,1,1,SOLO,28,3,1,1741,Riven,True
13,59,4,5,3,NONE,27,5,1,1741,Graves,True
9,14,10,4,1,SOLO,31,5,1,1741,Hwei,True
11,28,6,2,1,CARRY,27,5,1,1741,Jhin,True
4,14,39,8,4,SUPPORT,55,3,1,1741,Anivia,True
5,21,11,0,1,SOLO,43,1,11,1741,Gragas,False
18,85,1,1,0,NONE,26,0,11,1741,Volibear,False
23,176,9,1,1,SOLO,15,0,11,1741,Irelia,False
1,20,9,5,0,CARRY,3,0,11,1741,Zeri,False
2,29,37,15,8,SUPPORT,24,0,11,1741,Zilean,False
6,18,12,1,2,NONE,21,1,10,1965,LeeSin,False
4,22,10,3,0,NONE,24,1,10,1965,Zaahen,False
3,5,8,0,0,SOLO,3,0,10,1965,Kassadin,False
3,8,11,1,0,CARRY,7,2,10,1965,Twitch,False
2,14,15,7,2,SUPPORT,47,2,10,1965,Soraka,False
0,1,7,2,0,CARRY,23,4,4,1965,XinZhao,True
6,48,7,2,0,NONE,33,0,4,1965,Shaco,True
0,2,7,1,0,SOLO,40,3,4,1965,Velkoz,True
0,17,9,3,0,SOLO,7,6,4,1965,Tristana,True
11,49,49,11,18,SUPPORT,49,1,4,1965,Pyke,True
2,26,7,0,0,SOLO,24,0,12,2118,Kennen,False
47,116,2,4,0,NONE,16,1,12,2118,Rengar,False
3,22,12,1,1,CARRY,16,1,12,2118,Yasuo,False
8,9,10,5,0,SOLO,4,1,12,2118,Kaisa,False
4,35,35,12,6,SUPPORT,23,0,12,2118,Pyke,False
3,33,11,5,0,DUO,22,7,4,2118,Irelia,True
5,27,8,3,7,NONE,6,5,4,2118,Talon,True
17,87,10,1,0,SOLO,36,4,4,2118,Taliyah,True
13,77,10,1,0,DUO,19,6,4,2118,Jhin,True
10,59,38,4,0,SOLO,53,3,4,2118,Amumu,True
8,29,12,2,0,SOLO,30,6,9,2196,Trundle,False
2,35,11,4,5,NONE,20,2,9,2196,LeeSin,False
2,28,11,4,0,DUO,62,0,9,2196,Cassiopeia,False
0,14,11,4,0,DUO,35,1,9,2196,Jhin,False
2,49,34,9,4,SOLO,83,3,9,2196,Bard,False
3,43,13,0,0,SOLO,49,4,9,2196,Garen,True
0,28,4,5,3,NONE,30,2,9,2196,Sylas,True
16,51,14,9,3,SOLO,63,4,9,2196,Lux,True
5,28,13,3,0,CARRY,5,5,9,2196,Kaisa,True
6,22,34,15,2,SUPPORT,34,3,9,2196,Sona,True
3,9,7,0,1,SUPPORT,7,1,3,1110,Camille,False
13,86,3,1,1,SUPPORT,22,0,3,1110,Pantheon,False
4,16,5,1,0,SUPPORT,7,0,3,1110,Ekko,False
2,3,5,0,0,SUPPORT,15,0,3,1110,Jhin,False
0,13,21,6,2,SUPPORT,26,0,3,1110,Morgana,False
3,6,6,1,0,SUPPORT,18,2,1,1110,Darius,True
4,42,3,2,1,SUPPORT,37,2,1,1110,Ivern,True
7,36,7,0,1,SUPPORT,12,0,1,1110,AurelionSol,True
3,23,5,1,0,SUPPORT,0,1,1,1110,Sivir,True
3,21,15,6,5,SUPPORT,29,1,1,1110,Rell,True
7,27,11,5,1,SOLO,28,1,11,2253,Camille,False
0,25,6,4,3,NONE,21,1,11,2253,Khazix,False
2,23,9,2,0,SOLO,67,4,11,2253,Anivia,False
15,87,2,4,0,CARRY,29,2,11,2253,Varus,False
7,12,46,10,6,SUPPORT,61,2,11,2253,Leona,False
21,104,14,1,0,DUO,23,2,7,2253,Yone,True
14,74,10,7,7,NONE,29,1,7,2253,Udyr,True
9,47,16,0,1,DUO,12,5,7,2253,Aurora,True
6,39,11,6,0,CARRY,15,5,7,2253,Twitch,True
5,9,25,2,2,SUPPORT,29,4,7,2253,Yuumi,True
11,35,9,2,0,DUO,11,0,8,1679,Kled,False
1,112,1,3,0,NONE,34,1,8,1679,Nunu,False
9,38,5,2,0,DUO,24,1,8,1679,Lux,False
4,28,4,2,0,NONE,16,1,8,1679,Jhin,False
12,29,38,4,4,SUPPORT,26,1,8,1679,Velkoz,False
3,8,9,1,0,NONE,6,1,3,1679,Mordekaiser,True
6,24,9,2,2,NONE,19,4,3,1679,LeeSin,True
7,69,10,1,1,SOLO,3,5,3,1679,Katarina,True
8,55,11,0,1,CARRY,0,3,3,1679,Lucian,True
7,17,26,2,4,SUPPORT,20,0,3,1679,Nami,True
4,9,14,3,0,SOLO,49,6,5,2548,Swain,True
0,9,16,4,3,NONE,34,3,5,2548,Warwick,True
13,78,8,2,0,CARRY,78,4,5,2548,Malzahar,True
1,31,18,12,1,SOLO,9,2,5,2548,Smolder,True
5,21,59,19,10,SUPPORT,18,3,5,2548,Milio,True
6,13,12,4,2,DUO,11,2,10,2548,Aurora,False
11,92,6,12,5,NONE,26,3,10,2548,Graves,False
9,36,3,14,0,DUO,8,1,10,2548,Talon,False
1,25,10,8,0,NONE,8,1,10,2548,Tristana,False
4,54,60,12,15,SOLO,67,1,10,2548,Anivia,False
0,3,11,0,0,SOLO,24,1,11,1926,Renekton,False
0,7,14,1,0,NONE,24,0,11,1926,Qiyana,False
8,17,11,0,0,SOLO,16,1,11,1926,Smolder,False
2,16,11,0,0,CARRY,53,2,11,1926,Swain,False
0,3,20,1,2,SUPPORT,6,0,11,1926,Vladimir,False
2,3,11,1,0,SOLO,13,3,3,1926,Darius,True
4,27,13,0,0,NONE,19,6,3,1926,Jax,True
0,24,6,1,0,SOLO,28,0,3,1926,Ryze,True
1,5,10,0,0,CARRY,17,5,3,1926,Aphelios,True
2,9,19,18,1,SUPPORT,34,2,3,1926,Pyke,True
0,15,10,2,0,SOLO,25,4,4,2079,Malphite,True
2,39,12,7,1,NONE,31,3,4,2079,Karthus,True
9,67,11,2,0,SOLO,24,6,4,2079,Yone,True
27,103,12,5,1,CARRY,25,5,4,2079,Jhin,True
11,59,42,5,2,SUPPORT,28,3,4,2079,Nami,True
6,63,8,1,1,SOLO,39,1,9,2079,Kennen,False
23,162,7,3,4,NONE,22,0,9,2079,Viego,False
29,72,4,1,0,SOLO,20,2,9,2079,Yasuo,False
6,28,12,4,0,CARRY,6,2,9,2079,Tristana,False
19,75,45,8,2,SUPPORT,54,1,9,2079,Karma,False
0,1,6,1,0,SOLO,4,3,2,1362,Aurora,True
2,37,1,0,0,NONE,27,3,2,1362,Udyr,True
8,35,4,0,0,SOLO,2,2,2,1362,Akali,True
0,1,7,1,1,CARRY,15,5,2,1362,Caitlyn,True
0,10,15,8,3,SUPPORT,41,4,2,1362,Bard,True
0,12,7,0,0,DUO,33,2,8,1362,Sion,False
2,10,3,3,0,NONE,8,0,8,1362,Hecarim,False
3,6,6,0,0,DUO,13,0,8,1362,Yone,False
2,6,7,1,0,SOLO,9,0,8,1362,Aphelios,False
3,9,15,0,1,SOLO,16,0,8,1362,Yuumi,False
18,72,6,1,0,SOLO,22,1,9,1692,XinZhao,False
9,56,8,3,2,NONE,18,0,9,1692,Hecarim,False
5,29,8,0,0,DUO,14,0,9,1692,Twitch,False
5,49,6,2,0,DUO,16,2,9,1692,Jinx,False
4,67,26,4,1,SUPPORT,19,2,9,1692,Lulu,False
5,20,6,0,0,SOLO,46,4,2,1692,Gragas,True
18,107,11,3,1,NONE,15,5,2,1692,Ambessa,True
5,18,7,1,0,SOLO,18,5,2,1692,Zilean,True
1,51,9,4,0,CARRY,3,3,2,1692,Sivir,True
9,95,15,1,4,SUPPORT,38,3,2,1692,Alistar,True
0,1,4,0,0,DUO,57,0,9,1625,Nautilus,False
5,16,9,0,0,NONE,13,0,9,1625,Fizz,False
4,18,8,0,0,SOLO,23,1,9,1625,Sylas,False
0,8,6,0,0,DUO,18,2,9,1625,Irelia,False
0,9,10,1,2,SOLO,20,2,9,1625,Yuumi,False
0,2,6,0,1,SOLO,27,4,2,1625,Darius,True
16,44,3,1,1,NONE,43,5,2,1625,Aatrox,True
0,10,3,5,0,SOLO,3,5,2,1625,Akali,True
0,0,6,1,0,CARRY,13,5,2,1625,Smolder,True
0,0,18,2,1,SUPPORT,39,6,2,1625,Neeko,True
0,8,7,1,2,SOLO,21,3,0,1230,Kennen,True
3,37,7,1,1,NONE,9,2,0,1230,Skarner,True
0,2,6,2,0,SOLO,15,4,0,1230,Xerath,True
2,20,5,4,0,CARRY,5,3,0,1230,Yunara,True
4,36,16,6,5,SUPPORT,25,3,0,1230,Pyke,True
0,1,4,3,1,SOLO,5,0,6,1230,Fiora,False
5,18,3,2,0,NONE,6,0,6,1230,Viego,False
4,20,6,0,0,SOLO,23,0,6,1230,Galio,False
0,3,6,0,0,CARRY,23,0,6,1230,Ashe,False
5,21,15,3,1,SUPPORT,19,0,6,1230,Seraphine,False
12,15,3,0,0,SOLO,0,0,10,1413,Naafiri,False
1,52,1,4,0,NONE,9,0,10,1413,Riven,False
3,34,6,1,0,SOLO,12,0,10,1413,Azir,False
0,0,5,1,0,CARRY,43,0,10,1413,Malzahar,False
9,12,23,4,2,SUPPORT,31,0,10,1413,Lulu,False
7,12,8,0,0,SOLO,16,6,0,1413,Poppy,True
2,12,7,2,3,NONE,10,1,0,1413,Nidalee,True
8,13,9,0,1,SOLO,3,2,0,1413,Talon,True
3,21,5,1,0,CARRY,6,7,0,1413,MissFortune,True
3,62,25,9,4,SUPPORT,29,5,0,1413,Rell,True
2,20,7,0,1,SUPPORT,16,0,0,949,Poppy,True
1,39,5,0,0,SUPPORT,8,0,0,949,Karthus,True
8,25,3,0,0,SUPPORT,15,0,0,949,Pantheon,True
1,3,4,2,0,DUO,9,1,0,949,Jhin,True
8,38,9,2,1,SUPPORT,12,0,0,949,Xerath,True
1,9,3,0,0,SUPPORT,10,0,1,949,Camille,False
1,8,2,2,1,SUPPORT,8,0,1,949,Graves,False
7,18,3,0,0,SUPPORT,25,0,1,949,Annie,False
0,4,5,0,0,SUPPORT,0,0,1,949,Sivir,False
5,9,12,2,2,SUPPORT,8,0,1,949,Seraphine,False
1,15,5,0,0,SUPPORT,18,1,1,915,Quinn,True
0,36,6,0,0,SUPPORT,6,0,1,915,Shaco,True
1,5,4,0,0,SUPPORT,6,1,1,915,Viktor,True
1,12,5,1,0,SUPPORT,3,3,1,915,Smolder,True
4,7,11,3,2,SUPPORT,13,2,1,915,Karma,True
0,3,3,0,0,SUPPORT,5,0,3,915,Nasus,False
1,1,4,0,0,SUPPORT,4,0,3,915,Evelynn,False
1,19,3,0,0,DUO,6,1,3,915,Yone,False
3,6,2,0,0,SUPPORT,1,0,3,915,Twitch,False
2,8,9,0,2,SUPPORT,9,0,3,915,Nami,False
39,90,12,0,0,SUPPORT,14,0,10,1969,Shen,False
0,16,1,3,0,NONE,38,0,10,1969,Chogath,False
1,51,13,0,0,SOLO,16,0,10,1969,Qiyana,False
2,9,9,0,0,CARRY,12,1,10,1969,Ziggs,False
12,55,41,4,0,SOLO,20,1,10,1969,Karma,False
2,15,10,0,0,SOLO,24,3,2,1969,Olaf,True
8,19,12,2,0,NONE,18,2,2,1969,Graves,True
5,20,11,1,0,SOLO,11,5,2,1969,Kayle,True
0,5,8,0,0,CARRY,54,4,2,1969,Ashe,True
3,18,33,3,0,SUPPORT,32,3,2,1969,Mel,True
3,16,10,0,0,SOLO,18,4,8,2082,Irelia,False
10,44,8,8,0,NONE,26,0,8,2082,Warwick,False
22,40,8,7,0,SOLO,13,4,8,2082,Ekko,False
2,15,10,2,0,CARRY,20,1,8,2082,Jhin,False
1,16,29,8,4,SUPPORT,66,1,8,2082,Seraphine,False
4,6,9,0,0,SOLO,55,5,7,2082,Ornn,True
2,49,10,3,0,NONE,38,0,7,2082,Graves,True
7,20,13,5,1,SOLO,15,4,7,2082,Azir,True
0,20,9,3,0,NONE,0,1,7,2082,Lucian,True
2,15,31,4,2,SOLO,31,3,7,2082,Bard,True
1,8,5,0,0,SUPPORT,10,2,0,954,Aatrox,True
7,34,3,2,0,SUPPORT,15,1,0,954,Udyr,True
2,8,6,0,0,SUPPORT,22,0,0,954,Vex,True
4,55,4,1,0,SUPPORT,0,1,0,954,Kaisa,True
5,33,13,2,2,SUPPORT,24,0,0,954,Nautilus,True
4,17,6,0,1,SUPPORT,8,0,3,954,Jayce,False
2,13,0,1,0,SUPPORT,21,0,3,954,Zac,False
2,15,2,0,0,SUPPORT,9,0,3,954,Yasuo,False
8,19,4,0,0,SUPPORT,6,0,3,954,Varus,False
1,10,10,4,0,SUPPORT,40,0,3,954,Zoe,False
17,64,10,1,0,SOLO,20,1,4,1640,Camille,True
4,31,1,8,0,NONE,25,0,4,1640,Elise,True
7,28,10,1,0,SOLO,41,0,4,1640,Galio,True
6,29,8,7,0,CARRY,7,2,4,1640,Yunara,True
8,78,37,11,7,SUPPORT,21,1,4,1640,Karma,True
5,23,7,5,0,SOLO,41,1,3,1640,Riven,False
32,178,9,1,0,NONE,23,0,3,1640,Viego,False
12,51,4,3,1,SOLO,7,2,3,1640,Zed,False
0,18,7,2,0,CARRY,52,1,3,1640,TwistedFate,False
17,76,34,8,6,SUPPORT,26,0,3,1640,Shaco,False
1,9,14,4,0,DUO,35,3,10,2277,Riven,False
3,14,3,4,1,NONE,6,1,10,2277,MasterYi,False
7,18,13,2,0,DUO,10,1,10,2277,Aurora,False
3,28,14,2,1,CARRY,0,4,10,2277,Sivir,False
3,10,20,1,0,SUPPORT,23,3,10,2277,TahmKench,False
6,43,9,1,0,SOLO,45,5,5,2277,Sett,True
0,28,20,4,0,NONE,10,2,5,2277,Fizz,True
2,25,13,3,1,SOLO,61,2,5,2277,Lux,True
3,5,13,11,0,CARRY,2,5,5,2277,Lucian,True
5,13,36,7,5,SUPPORT,64,3,5,2277,Thresh,True
0,7,8,3,1,SOLO,5,1,9,1987,Talon,False
12,52,6,3,3,NONE,24,1,9,1987,Volibear,False
4,6,3,6,0,SOLO,38,1,9,1987,Mel,False
13,128,13,3,4,CARRY,2,1,9,1987,Ezreal,False
10,46,37,16,3,SUPPORT,30,0,9,1987,Pyke,False
5,206,13,6,5,SOLO,31,3,5,1987,Kennen,True
4,24,7,4,5,NONE,34,0,5,1987,Gragas,True
0,7,6,5,0,DUO,6,5,5,1987,Kled,True
12,159,17,5,5,DUO,11,4,5,1987,Tristana,True
6,62,43,8,0,SOLO,20,7,5,1987,Sona,True
2,9,6,0,0,SUPPORT,58,2,0,1110,Chogath,True
3,30,2,4,1,SUPPORT,16,1,0,1110,Briar,True
20,61,6,1,0,SUPPORT,20,2,0,1110,Taliyah,True
2,14,6,3,0,SUPPORT,7,2,0,1110,Smolder,True
11,44,12,1,2,SUPPORT,27,3,0,1110,Nautilus,True
0,8,6,1,0,SUPPORT,14,0,6,1110,Camille,False
12,35,4,1,2,SUPPORT,8,0,6,1110,XinZhao,False
0,1,3,2,1,DUO,27,0,6,1110,Malzahar,False
2,4,2,2,0,SUPPORT,0,0,6,1110,Lucian,False
4,19,20,3,3,SUPPORT,17,0,6,1110,Braum,False
4,9,10,1,0,SOLO,3,1,9,1732,Vladimir,False
10,66,2,4,1,NONE,5,1,9,1732,MasterYi,False
7,16,7,0,0,SOLO,15,0,9,1732,Viego,False
5,18,6,1,1,CARRY,20,0,9,1732,Jinx,False
3,20,21,11,0,SUPPORT,25,0,9,1732,Pyke,False
4,57,10,0,0,SOLO,28,3,2,1732,Anivia,True
6,37,1,8,1,NONE,18,2,2,1732,Ekko,True
5,14,10,0,1,SOLO,16,1,2,1732,Yone,True
8,94,8,2,0,CARRY,31,4,2,1732,Caitlyn,True
0,17,30,3,4,SUPPORT,47,5,2,1732,Thresh,True
9,21,7,1,0,DUO,81,4,6,2239,Gragas,True
6,50,10,8,7,NONE,35,1,6,2239,Zaahen,True
4,10,11,1,0,DUO,2,0,6,2239,Akali,True
0,19,9,3,1,CARRY,14,5,6,2239,Vayne,True
62,106,62,8,8,SUPPORT,28,6,6,2239,Karma,True
7,18,13,3,0,SOLO,35,2,9,2239,Darius,False
11,85,2,14,1,NONE,42,1,9,2239,XinZhao,False
3,36,8,1,0,SOLO,37,3,9,2239,Yone,False
11,43,13,1,0,CARRY,3,2,9,2239,Sivir,False
5,13,29,17,4,SUPPORT,33,3,9,2239,Milio,False
6,18,10,2,0,SOLO,9,0,11,1676,Jayce,False
16,135,11,5,2,NONE,27,1,11,1676,LeeSin,False
4,32,10,1,0,SOLO,17,1,11,1676,Annie,False
5,70,4,1,0,CARRY,3,0,11,1676,Vayne,False
5,19,40,7,1,SUPPORT,87,0,11,1676,Morgana,False
39,101,13,3,3,DUO,6,5,2,1676,Gwen,True
4,30,5,3,2,NONE,19,3,2,1676,Hecarim,True
5,27,9,2,0,SOLO,4,3,2,1676,Kassadin,True
14,108,9,3,1,DUO,22,5,2,1676,Caitlyn,True
0,27,36,8,7,SOLO,45,3,2,1676,Nautilus,True
6,26,8,0,0,SOLO,39,2,9,1742,Volibear,False
3,21,4,3,0,NONE,31,0,9,1742,Briar,False
11,38,14,2,5,SOLO,23,0,9,1742,Taliyah,False
1,41,9,5,0,CARRY,8,0,9,1742,Aphelios,False
2,31,27,5,1,SUPPORT,52,0,9,1742,Braum,False
1,10,7,0,0,CARRY,17,3,2,1742,Ambessa,True
6,141,0,4,0,SUPPORT,28,3,2,1742,Shaco,True
4,14,10,2,0,SOLO,0,3,2,1742,Ezreal,True
1,8,9,1,0,CARRY,21,4,2,1742,Caitlyn,True
1,20,35,14,4,SUPPORT,56,3,2,1742,Leona,True
0,1,10,1,3,DUO,10,2,0,1112,Irelia,True
10,43,5,2,0,SUPPORT,20,2,0,1112,Warwick,True
2,14,9,0,3,SUPPORT,15,2,0,1112,Pantheon,True
0,12,4,0,1,SUPPORT,8,2,0,1112,Caitlyn,True
3,30,13,1,2,SUPPORT,13,2,0,1112,Milio,True
0,2,0,2,0,SUPPORT,29,0,3,1112,FiddleSticks,False
0,5,4,1,2,SUPPORT,68,0,3,1112,Nocturne,False
0,16,7,0,0,SUPPORT,23,0,3,1112,Annie,False
1,2,3,0,0,SUPPORT,5,0,3,1112,Yunara,False
0,15,9,2,0,SUPPORT,25,0,3,1112,Blitzcrank,False
0,10,7,1,0,SOLO,23,1,10,1771,Renekton,False
8,83,2,4,1,NONE,22,0,10,1771,Graves,False
5,42,12,2,2,NONE,43,3,10,1771,TwistedFate,False
7,64,3,5,0,CARRY,1,1,10,1771,Samira,False
5,41,28,6,1,SUPPORT,37,0,10,1771,Leona,False
1,8,9,2,0,SOLO,19,4,4,1771,Darius,True
4,113,10,2,0,NONE,34,3,4,1771,Hecarim,True
10,39,14,3,0,DUO,41,2,4,1771,Ahri,True
8,60,14,1,3,DUO,7,8,4,1771,Corki,True
17,54,41,5,7,SOLO,39,4,4,1771,Nami,True
7,30,4,0,0,DUO,19,1,4,1143,Sion,False
5,17,6,0,0,SUPPORT,14,0,4,1143,Riven,False
0,0,4,1,0,SUPPORT,6,0,4,1143,Kayle,False
10,16,6,0,0,SUPPORT,27,0,4,1143,Ashe,False
0,6,13,1,0,SUPPORT,21,0,4,1143,TahmKench,False
1,2,8,0,1,SUPPORT,6,1,1,1143,Aurora,True
19,32,3,0,0,SUPPORT,10,1,1,1143,DrMundo,True
6,18,6,0,0,DUO,28,2,1,1143,Orianna,True
0,5,7,0,0,SUPPORT,16,1,1,1143,Jhin,True
0,7,16,2,0,SUPPORT,39,0,1,1143,Soraka,True
0,0,3,0,0,SUPPORT,2,0,4,910,Ambessa,False
0,3,2,0,0,SUPPORT,5,0,4,910,Rengar,False
0,9,4,2,0,SUPPORT,0,0,4,910,Akshan,False
0,4,6,0,0,SUPPORT,0,0,4,910,Lucian,False
2,15,9,1,1,SUPPORT,9,0,4,910,Braum,False
11,14,5,1,0,SUPPORT,14,2,0,910,KSante,True
0,37,3,2,1,SUPPORT,4,4,0,910,MonkeyKing,True
3,7,10,3,4,SUPPORT,3,1,0,910,Aurora,True
0,18,4,0,0,SUPPORT,27,4,0,910,Ashe,True
3,98,16,1,3,SUPPORT,15,4,0,910,Neeko,True
8,20,10,0,0,SOLO,31,4,3,1612,Urgot,True
14,136,5,1,4,NONE,20,5,3,1612,Lillia,True
17,104,6,8,2,SOLO,15,3,3,1612,Kennen,True
3,50,7,2,0,CARRY,11,4,3,1612,Jinx,True
5,54,26,9,5,SUPPORT,25,2,3,1612,Thresh,True
5,6,7,1,0,SOLO,9,0,10,1612,Irelia,False
14,76,1,0,0,NONE,11,1,10,1612,Hecarim,False
9,78,5,3,1,SOLO,10,2,10,1612,Sylas,False
2,57,6,5,1,CARRY,11,0,10,1612,Caitlyn,False
7,13,33,6,4,SUPPORT,36,0,10,1612,Janna,False
1,17,9,1,1,SOLO,26,0,10,1703,Darius,False
3,24,4,5,0,NONE,41,1,10,1703,Zyra,False
3,9,9,2,0,SOLO,29,1,10,1703,Viktor,False
3,20,8,1,0,CARRY,12,2,10,1703,Aphelios,False
4,92,32,4,0,SUPPORT,44,1,10,1703,Lux,False
0,12,10,0,0,SOLO,32,7,3,1703,Sett,True
0,62,2,5,2,NONE,28,3,3,1703,JarvanIV,True
12,82,10,2,2,SOLO,11,5,3,1703,Tristana,True
6,30,8,0,0,CARRY,41,3,3,1703,Mel,True
1,14,40,6,6,SUPPORT,36,6,3,1703,Soraka,True
3,27,10,2,0,SOLO,36,1,6,1694,Garen,False
11,103,4,6,2,NONE,25,0,6,1694,Warwick,False
11,104,7,2,0,DUO,34,2,6,1694,Taliyah,False
6,9,9,2,2,DUO,43,1,6,1694,Ashe,False
10,84,38,7,5,SUPPORT,49,0,6,1694,Nautilus,False
1,19,16,3,6,SOLO,22,2,3,1694,Urgot,True
12,106,9,5,0,NONE,25,1,3,1694,Sylas,True
9,48,19,0,4,SOLO,10,3,3,1694,Aurora,True
0,31,9,3,0,CARRY,29,2,3,1694,Jhin,True
8,89,40,4,7,SUPPORT,23,2,3,1694,Seraphine,True
2,8,7,0,0,SOLO,6,3,2,1411,Fiora,True
12,65,10,1,3,NONE,17,4,2,1411,Volibear,True
7,33,8,0,0,DUO,24,4,2,1411,Zoe,True
6,17,7,4,2,DUO,8,8,2,1411,Vayne,True
2,6,19,4,3,SUPPORT,20,6,2,1411,Lulu,True
2,10,6,0,0,SOLO,10,1,11,1411,DrMundo,False
1,16,4,3,0,NONE,12,0,11,1411,Karthus,False
3,17,8,0,0,CARRY,5,1,11,1411,Irelia,False
2,7,4,2,0,SOLO,0,0,11,1411,Kaisa,False
0,9,28,1,4,SUPPORT,28,0,11,1411,Lux,False
10,27,10,0,1,SOLO,9,0,11,1690,Aurora,False
9,19,3,2,1,NONE,23,0,11,1690,RekSai,False
7,35,3,2,0,CARRY,2,0,11,1690,Akali,False
1,20,8,0,0,SOLO,4,0,11,1690,MissFortune,False
35,116,38,10,5,SUPPORT,29,0,11,1690,Pyke,False
8,20,4,1,0,SOLO,33,6,0,1690,Riven,True
7,61,2,4,0,NONE,19,6,0,1690,XinZhao,True
3,8,9,2,2,SOLO,6,4,0,1690,Fizz,True
7,26,6,0,1,CARRY,16,3,0,1690,Ziggs,True
8,29,33,6,0,SUPPORT,34,7,0,1690,Rakan,True
0,83,9,0,1,SOLO,68,2,11,1625,Alistar,False
2,17,3,0,0,NONE,33,0,11,1625,Amumu,False
3,8,4,3,0,SOLO,14,1,11,1625,Fizz,False
6,28,6,5,0,CARRY,4,0,11,1625,Nilah,False
3,40,34,8,7,SUPPORT,24,0,11,1625,Poppy,False
8,21,7,0,0,DUO,11,4,3,1625,Vladimir,True
48,219,6,5,2,NONE,8,5,3,1625,Kindred,True
9,40,7,5,5,DUO,18,1,3,1625,Ahri,True
1,18,9,4,0,CARRY,7,7,3,1625,Tristana,True
10,59,30,2,3,SUPPORT,32,7,3,1625,Lulu,True
10,37,9,1,2,SOLO,76,1,1,1331,Nocturne,True
3,52,2,0,0,NONE,23,3,1,1331,RekSai,True
2,9,10,2,3,SOLO,10,5,1,1331,Orianna,True
0,0,5,0,1,CARRY,7,4,1,1331,Draven,True
0,9,16,2,2,SUPPORT,37,5,1,1331,Senna,True
0,5,5,1,0,SOLO,3,0,7,1331,Vladimir,False
3,25,2,2,1,NONE,25,0,7,1331,Udyr,False
8,27,12,3,4,SOLO,18,1,7,1331,Malzahar,False
8,18,8,1,0,CARRY,0,0,7,1331,Lucian,False
0,10,11,1,0,SUPPORT,19,0,7,1331,TahmKench,False
0,5,10,0,0,SOLO,20,3,5,1746,Heimerdinger,True
7,33,2,4,0,NONE,24,5,5,1746,Graves,True
12,42,10,1,2,SOLO,37,3,5,1746,Taliyah,True
4,17,7,4,0,CARRY,11,7,5,1746,Draven,True
2,21,32,2,2,SUPPORT,37,5,5,1746,Karma,True
1,37,5,3,0,SOLO,24,4,11,1746,Garen,False
2,22,0,4,0,NONE,4,3,11,1746,Talon,False
1,15,7,0,0,SOLO,3,4,11,1746,Vladimir,False
0,31,11,3,1,CARRY,19,3,11,1746,Jhin,False
0,35,31,6,8,SUPPORT,13,0,11,1746,Rakan,False
5,24,10,2,0,SOLO,40,5,9,2113,Renekton,True
0,22,6,7,2,NONE,24,4,9,2113,Nasus,True
14,47,8,0,0,SOLO,66,1,9,2113,Swain,True
1,33,13,2,0,CARRY,33,4,9,2113,Jinx,True
1,8,27,8,0,SUPPORT,87,2,9,2113,Morgana,True
13,25,5,4,1,SOLO,43,3,7,2113,Gragas,False
5,140,6,2,4,NONE,30,1,7,2113,Aatrox,False
2,16,11,1,0,SOLO,48,3,7,2113,Taliyah,False
2,20,12,1,1,NONE,35,6,7,2113,Yasuo,False
5,73,47,13,6,SOLO,53,4,7,2113,Nami,False
15,103,17,1,3,SOLO,68,3,10,2509,Kennen,False
1,57,24,2,7,NONE,54,5,10,2509,LeeSin,False
0,25,9,4,5,SOLO,48,3,10,2509,Zoe,False
0,9,9,5,0,CARRY,4,5,10,2509,Kaisa,False
4,11,42,6,6,SUPPORT,56,3,10,2509,Rell,False
9,65,13,4,0,SOLO,43,3,9,2509,Warwick,True
1,12,11,4,1,NONE,33,6,9,2509,Trundle,True
10,131,3,3,0,SOLO,2,0,9,2509,Akali,True
25,44,10,1,0,CARRY,15,5,9,2509,Smolder,True
15,96,53,10,7,SUPPORT,56,5,9,2509,Nami,True
0,3,3,0,0,SUPPORT,15,0,2,945,Malphite,False
3,9,4,0,2,SUPPORT,6,0,2,945,Aatrox,False
6,17,6,0,0,SUPPORT,12,0,2,945,Ahri,False
7,14,5,0,0,SUPPORT,2,0,2,945,MissFortune,False
0,2,6,6,0,SUPPORT,13,0,2,945,TahmKench,False
1,1,5,0,0,SUPPORT,9,2,0,945,Tryndamere,True
4,9,5,1,1,SUPPORT,13,0,0,945,Lillia,True
8,13,5,0,0,SUPPORT,8,0,0,945,Sylas,True
4,15,6,1,0,SUPPORT,12,0,0,945,Aphelios,True
3,16,8,1,1,SUPPORT,10,0,0,945,Milio,True
5,22,11,1,1,SOLO,6,2,6,1828,Vladimir,False
0,4,6,1,0,NONE,27,1,6,1828,Graves,False
9,18,7,1,0,SOLO,38,2,6,1828,Hwei,False
12,53,6,4,0,CARRY,2,1,6,1828,Sivir,False
0,15,35,8,8,SUPPORT,26,2,6,1828,Soraka,False
9,15,12,1,0,SOLO,57,2,5,1828,Gragas,True
0,27,3,8,1,NONE,38,2,5,1828,Zyra,True
4,25,7,2,0,SOLO,45,3,5,1828,TwistedFate,True
1,25,10,2,0,CARRY,8,3,5,1828,Lucian,True
1,11,38,8,1,SUPPORT,18,4,5,1828,Milio,True
0,2,5,0,0,SOLO,19,0,9,1492,Aatrox,False
0,20,4,2,1,NONE,4,0,9,1492,Naafiri,False
12,30,5,0,0,SOLO,12,0,9,1492,Sylas,False
0,0,8,7,0,CARRY,5,0,9,1492,Smolder,False
0,2,11,1,0,SUPPORT,15,0,9,1492,Yuumi,False
5,9,8,0,1,SOLO,21,3,0,1492,Yone,True
2,10,3,2,1,NONE,17,2,0,1492,Viego,True
1,13,6,1,1,SOLO,9,2,0,1492,Yasuo,True
0,1,2,1,0,CARRY,11,5,0,1492,Ziggs,True
0,2,19,5,3,SUPPORT,11,2,0,1492,Ahri,True
3,63,10,1,0,SOLO,35,3,5,2087,Warwick,False
16,148,4,2,3,NONE,39,2,5,2087,Shaco,False
22,79,5,3,0,DUO,43,3,5,2087,Ryze,False
1,5,3,2,0,DUO,55,0,5,2087,Jhin,False
0,1,32,6,4,SUPPORT,51,0,5,2087,Zoe,False
3,13,13,2,0,DUO,33,4,6,2087,Nasus,True
3,43,4,7,4,NONE,21,1,6,2087,Rumble,True
4,58,7,1,0,NONE,4,2,6,2087,Talon,True
0,45,10,4,0,DUO,54,3,6,2087,Senna,True
6,31,45,2,9,SOLO,32,2,6,2087,Yuumi,True
2,5,8,0,0,DUO,30,0,10,1673,Singed,False
2,3,3,4,1,NONE,21,1,10,1673,Skarner,False
18,58,11,1,1,DUO,15,2,10,1673,Velkoz,False
13,41,7,2,0,CARRY,5,1,10,1673,Vayne,False
16,34,34,9,5,SUPPORT,24,0,10,1673,Zilean,False
8,34,8,1,0,SOLO,47,3,3,1673,Ornn,True
15,120,3,1,2,SUPPORT,20,5,3,1673,Hecarim,True
7,32,5,3,1,CARRY,75,5,3,1673,Malzahar,True
1,18,9,6,0,CARRY,5,5,3,1673,Tristana,True
2,18,32,9,5,SUPPORT,22,5,3,1673,Nami,True
2,25,7,1,1,DUO,14,8,1,1538,Renekton,True
8,22,10,1,0,NONE,27,6,1,1538,Malphite,True
7,12,6,2,0,SUPPORT,6,5,1,1538,Kayle,True
1,12,5,3,0,SUPPORT,11,6,1,1538,KogMaw,True
0,8,20,5,1,SUPPORT,30,5,1,1538,Amumu,True
4,4,4,0,1,SOLO,16,0,11,1538,Shen,False
2,36,4,2,1,NONE,12,0,11,1538,Rengar,False
6,21,9,0,1,SOLO,31,0,11,1538,Lux,False
0,6,8,3,2,CARRY,42,1,11,1538,Sion,False
0,3,17,5,1,SUPPORT,57,1,11,1538,Zoe,False
4,63,12,2,1,SOLO,26,3,3,2050,Rumble,True
4,97,10,9,9,NONE,30,3,3,2050,XinZhao,True
12,47,13,5,1,SOLO,49,4,3,2050,Syndra,True
1,47,11,6,2,CARRY,1,3,3,2050,Lucian,True
6,81,36,7,6,SUPPORT,48,3,3,2050,Neeko,True
7,20,12,7,1,DUO,35,2,8,2050,Riven,False
9,98,4,11,4,NONE,45,1,8,2050,Volibear,False
13,26,8,5,2,CARRY,25,1,8,2050,Xerath,False
1,47,14,1,0,DUO,35,1,8,2050,Veigar,False
1,14,38,8,6,SUPPORT,39,1,8,2050,Nami,False
30,66,6,0,0,SOLO,18,3,11,1784,Riven,False
1,45,1,2,0,NONE,46,0,11,1784,Skarner,False
14,71,10,1,0,SOLO,23,0,11,1784,Mel,False
6,21,12,1,0,CARRY,43,1,11,1784,Jhin,False
3,16,35,9,3,SUPPORT,15,0,11,1784,Milio,False
2,21,6,0,0,SOLO,14,7,4,1784,Aatrox,True
8,85,2,4,0,NONE,24,5,4,1784,Rengar,True
1,25,11,0,0,SOLO,31,4,4,1784,Syndra,True
8,77,11,1,2,CARRY,33,6,4,1784,Varus,True
2,21,30,7,2,SUPPORT,41,3,4,1784,Bard,True
2,24,11,2,0,SOLO,50,3,4,2071,Renekton,True
8,106,3,14,1,NONE,19,3,4,2071,Khazix,True
5,48,12,3,1,SOLO,27,5,4,2071,Viktor,True
0,11,9,2,1,CARRY,48,5,4,2071,Varus,True
0,46,29,11,2,SUPPORT,31,6,4,2071,Milio,True
10,47,13,1,0,SOLO,47,4,10,2071,Malphite,False
4,170,12,2,0,NONE,9,0,10,2071,Naafiri,False
4,24,10,1,0,SOLO,50,0,10,2071,Taliyah,False
0,19,10,0,1,CARRY,41,1,10,2071,Senna,False
3,23,33,4,1,SUPPORT,35,1,10,2071,Rakan,False
8,21,11,0,0,SOLO,19,7,5,1997,DrMundo,True
3,12,12,5,0,NONE,35,0,5,1997,Sylas,True
26,40,4,1,0,CARRY,17,1,5,1997,Yasuo,True
5,8,12,1,0,SOLO,18,3,5,1997,Vayne,True
9,30,41,12,2,SUPPORT,49,2,5,1997,Brand,True
3,37,7,1,0,SOLO,28,3,10,1997,Yone,False
7,47,5,3,5,NONE,7,2,10,1997,Khazix,False
19,43,11,1,1,SOLO,31,0,10,1997,Syndra,False
3,74,13,3,4,CARRY,8,1,10,1997,Kaisa,False
10,55,32,3,4,SUPPORT,74,1,10,1997,Alistar,False
1,1,3,0,0,SUPPORT,11,0,3,923,Zaahen,False
0,9,2,1,0,SUPPORT,4,0,3,923,Viego,False
2,6,6,1,1,SUPPORT,4,0,3,923,Leblanc,False
0,4,2,0,0,SUPPORT,0,0,3,923,Ezreal,False
0,1,9,1,0,SUPPORT,8,0,3,923,Milio,False
2,2,2,0,0,SUPPORT,12,0,0,923,Singed,True
6,17,3,1,2,SUPPORT,2,0,0,923,Zed,True
8,14,5,0,0,SUPPORT,11,1,0,923,Zoe,True
3,7,4,0,0,SUPPORT,2,2,0,923,Aphelios,True
0,1,6,3,1,SUPPORT,12,2,0,923,Thresh,True
9,26,12,0,0,SOLO,25,2,5,1782,KSante,True
0,28,1,5,0,NONE,12,5,5,1782,MasterYi,True
6,31,7,3,2,DUO,18,4,5,1782,Sylas,True
36,45,10,0,0,DUO,10,8,5,1782,Yunara,True
5,55,32,3,0,SOLO,42,7,5,1782,Lulu,True
5,15,7,0,0,NONE,75,2,9,1782,Gragas,False
23,84,2,5,0,NONE,17,1,9,1782,JarvanIV,False
2,21,5,3,0,DUO,5,1,9,1782,Talon,False
8,74,7,1,0,DUO,7,2,9,1782,Smolder,False
2,53,28,5,1,SOLO,41,2,9,1782,Seraphine,False
